Name,Platform,Year_of_Release,Genre,Publisher,NA_Sales,EU_Sales,JP_Sales,Other_Sales,Global_Sales,Critic_Score,Critic_Count,User_Score,User_Count,Rating
Wii Sports,Wii,2006,Sports,Nintendo,41.36,28.96,3.77,8.45,82.54,76,51,8,324,E
Super Mario Bros.,NES,1985,Platform,Nintendo,29.08,3.58,6.81,0.77,40.24,,,,,
Mario Kart Wii,Wii,2008,Racing,Nintendo,15.68,12.8,3.79,3.29,35.57,82,73,8.3,712,E
Wii Sports Resort,Wii,2009,Sports,Nintendo,15.61,10.95,3.28,2.95,32.78,80,73,8,193,E
Pokemon Red/Pokemon Blue,G,1996,Role-Playing,Nintendo,11.27,8.89,10.22,1,31.37,,,,,
Tetris,G,1989,Puzzle,Nintendo,23.2,2.26,4.22,0.58,30.26,,,,,
New Super Mario Bros.,DS,2006,Platform,Nintendo,11.28,9.15,6.5,2.88,29.81,89,65,8.5,433,E
Wii Play,Wii,2006,Misc,Nintendo,13.96,9.18,2.93,2.84,28.92,58,41,6.6,129,E
New Super Mario Bros. Wii,Wii,2009,Platform,Nintendo,14.48,6.95,4.7,2.25,28.38,87,80,8.4,595,E
Duck Hunt,NES,1984,Shooter,Nintendo,26.93,0.63,0.28,0.47,28.31,,,,,
Nintendogs,DS,2005,Simulation,Nintendo,9.05,10.95,1.93,2.74,24.67,,,,,
Mario Kart DS,DS,2005,Racing,Nintendo,9.71,7.48,4.13,1.9,23.22,91,64,8.6,465,E
Pokemon Gold/Pokemon Silver,G,1999,Role-Playing,Nintendo,9,6.18,7.2,0.71,23.1,,,,,
Wii Fit,Wii,2007,Sports,Nintendo,8.92,8.03,3.6,2.15,22.7,80,63,7.7,146,E
Kinect Adventures!,X360,2010,Misc,Microsoft Game Studios,15.02,4.91,0.24,1.69,21.86,61,45,6.3,106,E
Wii Fit Plus,Wii,2009,Sports,Nintendo,9.01,8.49,2.53,1.77,21.79,80,33,7.4,52,E
Grand Theft Auto V,PS3,2013,Action,Take-Two Interactive,7.02,9.14,0.98,3.97,21.12,97,50,8.2,4009,M
Grand Theft Auto: San Andreas,PS2,2004,Action,Take-Two Interactive,9.43,0.4,0.41,10.57,20.81,95,80,9,1606,M
Super Mario World,SNES,1990,Platform,Nintendo,12.78,3.75,3.54,0.55,20.61,,,,,
Brain Age: Train Your Brain in Minutes a Day,DS,2005,Misc,Nintendo,4.74,9.2,4.16,2.04,20.15,77,58,7.9,50,E
Pokemon Diamond/Pokemon Pearl,DS,2006,Role-Playing,Nintendo,6.38,4.46,6.04,1.36,18.25,,,,,
Super Mario Land,G,1989,Platform,Nintendo,10.83,2.71,4.18,0.42,18.14,,,,,
Super Mario Bros. 3,NES,1988,Platform,Nintendo,9.54,3.44,3.84,0.46,17.28,,,,,
Grand Theft Auto V,X360,2013,Action,Take-Two Interactive,9.66,5.17,0.06,1.41,16.3,97,58,8.1,3722,M
Grand Theft Auto: Vice City,PS2,2002,Action,Take-Two Interactive,8.41,5.49,0.47,1.78,16.15,95,62,8.7,736,M
Pokemon Ruby/Pokemon Sapphire,GBA,2002,Role-Playing,Nintendo,6.06,3.9,5.38,0.5,15.85,,,,,
Brain Age 2: More Training in Minutes a Day,DS,2005,Puzzle,Nintendo,3.43,5.35,5.32,1.18,15.29,77,37,7.1,19,E
Pokemon Black/Pokemon White,DS,2010,Role-Playing,Nintendo,5.51,3.18,5.66,0.8,15.14,,,,,
Gran Turismo 3: A-Spec,PS2,2001,Racing,Sony Computer Entertainment,6.85,5.09,1.87,1.16,14.98,95,54,8.4,314,E
Pokemon X/Pokemon Y,3DS,2013,Role-Playing,Nintendo,5.39,4.37,4.36,0.8,14.92,,,,,
Call of Duty: Black Ops 3,PS4,2015,Shooter,Activision,6.08,5.95,0.36,2.41,14.8,,,,,
Call of Duty: Modern Warfare 3,X360,2011,Shooter,Activision,9.06,4.26,0.13,1.33,14.77,88,81,3.4,8715,M
Call of Duty: Black Ops,X360,2010,Shooter,Activision,9.73,3.7,0.11,1.13,14.67,87,89,6.3,1456,M
Pok\xc3\xa9mon Yellow: Special Pikachu Edition,G,1998,Role-Playing,Nintendo,5.89,5.04,3.12,0.59,14.64,,,,,
Call of Duty: Black Ops II,PS3,2012,Shooter,Activision,4.99,5.73,0.65,2.42,13.79,83,21,5.3,921,M
Call of Duty: Black Ops II,X360,2012,Shooter,Activision,8.25,4.26,0.07,1.12,13.69,83,73,4.8,2261,M
Call of Duty: Modern Warfare 2,X360,2009,Shooter,Activision,8.52,3.6,0.08,1.28,13.48,94,100,6.3,2702,M
Grand Theft Auto V,PS4,2014,Action,Take-Two Interactive,4.12,6.77,0.39,2.08,13.36,97,66,8.3,2955,M
Call of Duty: Modern Warfare 3,PS3,2011,Shooter,Activision,5.54,5.73,0.49,1.57,13.32,88,39,3.2,5237,M
Grand Theft Auto III,PS2,2001,Action,Take-Two Interactive,6.99,4.51,0.3,1.3,13.1,97,56,8.5,667,M
Mario Kart 7,3DS,2011,Racing,Nintendo,5.2,4.19,2.7,0.94,13.04,85,73,8.2,633,E
Super Smash Bros. Brawl,Wii,2008,Fighting,Nintendo,6.64,2.56,2.66,1.01,12.87,93,81,8.9,1667,T
Call of Duty: Black Ops,PS3,2010,Shooter,Activision,6,4.37,0.48,1.8,12.64,88,58,6.4,1095,M
Animal Crossing: Wild World,DS,2005,Simulation,Nintendo,2.5,3.45,5.33,0.86,12.13,86,57,8.6,243,E
Halo 3,X360,2007,Shooter,Microsoft Game Studios,7.97,2.81,0.13,1.21,12.12,94,86,7.8,4109,M
Pokemon Omega Ruby/Pokemon Alpha Sapphire,3DS,2014,Role-Playing,Nintendo,4.45,3.64,3.1,0.76,11.95,,,,,
Super Mario 64,N64,1996,Platform,Nintendo,6.91,2.85,1.91,0.23,11.89,,,,,
Pokemon HeartGold/Pokemon SoulSilver,DS,2009,Action,Nintendo,4.34,2.71,3.96,0.76,11.77,,,,,
Gran Turismo 4,PS2,2004,Racing,Sony Computer Entertainment,3.01,0.01,1.1,7.53,11.66,89,74,8.5,273,E
Pokemon Sun/Moon,3DS,2016,Role-Playing,Nintendo,5.01,2.74,2.88,0.77,11.4,,,,,
Super Mario Galaxy,Wii,2007,Platform,Nintendo,6.06,3.36,1.2,0.74,11.36,97,73,8.9,2159,E
Super Mario Land 2: 6 Golden Coins,G,1992,Adventure,Nintendo,6.16,2.04,2.69,0.29,11.18,,,,,
Grand Theft Auto IV,X360,2008,Action,Take-Two Interactive,6.77,3.07,0.14,1.03,11.01,98,86,7.9,2958,M
Gran Turismo,PS,1997,Racing,Sony Computer Entertainment,4.02,3.87,2.54,0.52,10.95,96,16,8.8,140,E
Super Mario 3D Land,3DS,2011,Platform,Nintendo,4.89,3.05,2.14,0.78,10.87,90,82,8.4,925,E
Gran Turismo 5,PS3,2010,Racing,Sony Computer Entertainment,2.96,4.82,0.81,2.11,10.7,84,82,7.5,1115,E
Call of Duty: Modern Warfare 2,PS3,2009,Shooter,Activision,4.99,3.64,0.38,1.6,10.6,94,67,6.3,2077,M
Super Mario All-Stars,SNES,1993,Platform,Nintendo,5.99,2.15,2.12,0.29,10.55,,,,,
Grand Theft Auto IV,PS3,2008,Action,Take-Two Interactive,4.77,3.7,0.44,1.61,10.51,98,64,7.5,2849,M
Pokemon FireRed/Pokemon LeafGreen,GBA,2004,Role-Playing,Nintendo,4.34,2.65,3.15,0.35,10.49,,,,,
Super Mario 64,DS,2004,Platform,Nintendo,5.01,3.07,1.25,0.97,10.31,,,,,
Call of Duty: Ghosts,X360,2013,Shooter,Activision,6.75,2.58,0.04,0.91,10.28,73,29,2.6,2118,M
Just Dance 3,Wii,2011,Misc,Ubisoft,5.95,3.11,0,1.06,10.12,74,15,7.8,16,E10+
New Super Mario Bros. 2,3DS,2012,Platform,Nintendo,3.66,3.27,2.49,0.63,10.05,78,70,7.2,425,E
Halo: Reach,X360,2010,Shooter,Microsoft Game Studios,7.06,1.97,0.08,0.79,9.9,91,99,7.9,2053,M
Mario Kart 64,N64,1996,Racing,Nintendo,5.55,1.94,2.23,0.15,9.87,,,,,
Halo 4,X360,2012,Shooter,Microsoft Game Studios,6.68,2.3,0.04,0.74,9.77,87,87,7,3273,M
Final Fantasy VII,PS,1997,Role-Playing,Sony Computer Entertainment,3.01,2.47,3.28,0.96,9.72,92,20,9.2,1297,T
Gran Turismo 2,PS,1999,Racing,Sony Computer Entertainment,3.88,3.42,1.69,0.5,9.49,93,23,9,135,T
Just Dance 2,Wii,2010,Misc,Ubisoft,5.8,2.85,0.01,0.78,9.44,74,24,7.3,24,E10+
Call of Duty: Ghosts,PS3,2013,Shooter,Activision,4.1,3.63,0.38,1.26,9.37,71,10,2.6,1049,M
Call of Duty 4: Modern Warfare,X360,2007,Shooter,Activision,5.95,2.37,0.13,0.9,9.35,94,70,8.4,1322,M
Animal Crossing: New Leaf,3DS,2012,Simulation,Nintendo,2.08,2.43,4.43,0.4,9.34,88,70,8.7,628,E
Donkey Kong Country,SNES,1994,Platform,Nintendo,4.36,1.71,3,0.23,9.3,,,,,
Minecraft,X360,2013,Misc,Microsoft Game Studios,5.76,2.7,0.02,0.82,9.3,,,,,
FIFA 17,PS4,2016,Sports,Electronic Arts,0.9,6.75,0.09,1.33,9.07,85,41,4.9,442,E
Mario Party DS,DS,2007,Misc,Nintendo,4.4,1.85,1.98,0.68,8.91,72,27,7.8,85,E
The Elder Scrolls V: Skyrim,X360,2011,Role-Playing,Bethesda Softworks,5.08,2.8,0.1,0.86,8.84,96,89,8.4,3602,M
Super Mario Kart,SNES,1992,Racing,Nintendo,3.54,1.24,3.81,0.18,8.76,,,,,
FIFA 16,PS4,2015,Sports,Electronic Arts,1.13,6.13,0.06,1.28,8.6,82,42,4.3,902,E
Halo 2,X,2004,Shooter,Microsoft Game Studios,6.82,1.53,0.05,0.08,8.49,95,91,8.2,1224,M
Wii Party,Wii,2010,Misc,Nintendo,1.75,3.48,2.49,0.67,8.39,68,42,7.5,55,E
Mario Party 8,Wii,2007,Misc,Nintendo,3.74,2.25,1.58,0.71,8.28,62,41,6.3,191,E
Star Wars Battlefront (2015),PS4,2015,Shooter,Electronic Arts,3.11,3.56,0.22,1.32,8.21,,,,,
FIFA Soccer 13,PS3,2012,Action,Electronic Arts,1.07,5.01,0.13,1.97,8.17,88,37,6.5,350,E
GoldenEye 007,N64,1997,Shooter,Nintendo,5.8,2.01,0.13,0.15,8.09,,,,,
Pokemon Black 2/Pokemon White 2,DS,2012,Role-Playing,Nintendo,2.79,1.72,3.15,0.41,8.08,,,,,
Final Fantasy X,PS2,2001,Role-Playing,Sony Computer Entertainment,2.91,2.07,2.73,0.33,8.05,92,53,8.7,1077,T
The Sims 3,PC,2009,Simulation,Electronic Arts,0.99,6.42,0,0.6,8.01,86,75,7.6,894,T
Mario & Sonic at the Olympic Games,Wii,2007,Sports,Sega,2.57,3.86,0.66,0.91,7.99,,,,,
Final Fantasy VIII,PS,1999,Role-Playing,SquareSoft,2.28,1.72,3.63,0.23,7.86,90,24,8.6,658,T
Pac-Man,2600,1982,Puzzle,Atari,7.28,0.45,0,0.08,7.81,,,,,
Pok\xc3\xa9mon Platinum Version,DS,2008,Role-Playing,Nintendo,2.76,1.72,2.69,0.54,7.72,83,46,8.5,204,E
Grand Theft Auto: Liberty City Stories,PSP,2005,Action,Take-Two Interactive,2.9,2.81,0.24,1.73,7.69,88,65,7.6,453,M
Call of Duty: Advanced Warfare,PS4,2014,Shooter,Activision,2.83,3.48,0.14,1.24,7.68,83,39,5.7,1446,M
Super Smash Bros. for Wii U and 3DS,3DS,2014,Fighting,Nintendo,3.3,1.4,2.44,0.48,7.62,,,,,
The Legend of Zelda: Ocarina of Time,N64,1998,Action,Nintendo,4.1,1.89,1.45,0.16,7.6,,,,,
Crash Bandicoot 2: Cortex Strikes Back,PS,1997,Platform,Sony Computer Entertainment,3.78,2.17,1.31,0.31,7.58,,,,,
Super Mario Galaxy 2,Wii,2010,Platform,Nintendo,3.58,2.36,0.98,0.62,7.54,97,87,9.1,1859,E
Super Mario Bros. 2,NES,1988,Platform,Nintendo,5.39,1.18,0.7,0.19,7.46,,,,,
Call of Duty: Black Ops 3,XOne,2015,Shooter,Activision,4.62,2.12,0.02,0.69,7.44,,,,,
Call of Duty: World at War,X360,2008,Shooter,Activision,4.83,1.9,0,0.7,7.42,84,84,7.6,583,M
Fallout 4,PS4,2015,Role-Playing,Bethesda Softworks,2.58,3.42,0.24,1.17,7.41,87,58,6.5,4258,M
Battlefield 3,X360,2011,Shooter,Electronic Arts,4.47,2.11,0.06,0.69,7.33,84,57,7.4,2144,M
Uncharted 4: A Thiefs End,PS4,2016,Shooter,Sony Computer Entertainment,2.92,2.98,0.19,1.18,7.28,93,113,7.9,7238,T
Mario Kart 8,WiiU,2014,Racing,Nintendo,3.17,2.25,1.29,0.52,7.23,88,82,9.1,1607,E
Need for Speed Underground,PS2,2003,Racing,Electronic Arts,3.27,2.83,0.08,1.02,7.2,85,33,8.6,172,E
Just Dance,Wii,2009,Misc,Ubisoft,3.48,2.99,0,0.73,7.2,49,21,8,110,E10+
Battlefield 3,PS3,2011,Shooter,Electronic Arts,2.86,2.89,0.35,1.08,7.18,85,38,7.5,1762,M
Tekken 3,PS,1998,Fighting,Sony Computer Entertainment,3.27,2.22,1.4,0.29,7.16,96,15,9.1,371,T
The Legend of Zelda: Twilight Princess,Wii,2006,Action,Nintendo,3.74,2.14,0.6,0.68,7.16,95,73,9,1664,T
Crash Bandicoot 3: Warped,PS,1998,Platform,Sony Computer Entertainment,3.68,1.75,1.42,0.28,7.13,91,12,8.9,439,E
Super Smash Bros. Melee,GC,2001,Fighting,Nintendo,4.41,1.04,1.39,0.22,7.07,92,38,9.1,573,T
Mario Kart: Double Dash!!,GC,2003,Racing,Nintendo,4.12,1.77,0.87,0.19,6.95,,,,,
Need for Speed Underground 2,PS2,2004,Racing,Electronic Arts,2.71,3.02,0.08,1.09,6.9,82,39,8.6,132,E
Medal of Honor: Frontline,PS2,2002,Shooter,Electronic Arts,2.93,2.75,0.17,0.99,6.83,88,29,8.5,137,T
Crash Bandicoot,PS,1996,Platform,Sony Computer Entertainment,3.23,2.35,0.94,0.3,6.82,,,,,
Just Dance 4,Wii,2012,Misc,Ubisoft,4.05,2.16,0,0.55,6.76,74,10,7.2,29,E10+
Gears of War 2,X360,2008,Shooter,Microsoft Game Studios,4.15,1.9,0.06,0.64,6.75,93,90,7.7,2746,M
Uncharted 3: Drakes Deception,PS3,2011,Action,Sony Computer Entertainment,2.77,2.75,0.19,1.03,6.74,92,97,8.3,3732,T
Zumba Fitness,Wii,2010,Sports,505 Games,3.46,2.6,0,0.66,6.72,,,,,E
Call of Duty 4: Modern Warfare,PS3,2007,Shooter,Activision,3.11,2.26,0.28,1.03,6.69,94,44,8.4,994,M
Uncharted 2: Among Thieves,PS3,2009,Action,Sony Computer Entertainment,3.27,2.2,0.21,0.98,6.67,96,105,8.8,5226,T
FIFA 12,PS3,2011,Sports,Electronic Arts,0.84,4.3,0.11,1.4,6.65,,,,,
Big Brain Academy,DS,2005,Misc,Nintendo,1.66,2.75,1.6,0.62,6.63,74,45,7.4,27,E
The Legend of Zelda,NES,1986,Action,Nintendo,3.74,0.93,1.69,0.14,6.51,,,,,
Red Dead Redemption,PS3,2010,Action,Take-Two Interactive,2.8,2.53,0.17,1,6.51,95,73,8.9,2475,M
FIFA 14,PS3,2013,Sports,Electronic Arts,0.79,4.24,0.07,1.38,6.48,86,37,4.3,576,E
Donkey Kong Country Returns,Wii,2010,Platform,Nintendo,3.18,1.8,1.03,0.46,6.47,87,77,8.6,368,E
Assassins Creed III,PS3,2012,Action,Ubisoft,2.65,2.52,0.16,1.12,6.46,85,41,6.9,1314,M
Halo: Combat Evolved,X,2001,Shooter,Microsoft Game Studios,4.98,1.3,0.08,0.07,6.43,97,68,8.6,1292,M
The Elder Scrolls V: Skyrim,PS3,2011,Role-Playing,Bethesda Softworks,2.56,2.61,0.25,1,6.42,92,16,6.4,2530,M
Pok\xc3\xa9mon Emerald Version,GBA,2004,Role-Playing,Nintendo,2.57,1.58,2.06,0.21,6.41,76,28,9,223,E
Kingdom Hearts,PS2,2002,Role-Playing,Sony Computer Entertainment,3.64,1.2,1.49,0.07,6.4,85,46,8.8,610,E
Pok\xc3\xa9mon Crystal Version,G,2000,Role-Playing,Nintendo,2.55,1.56,1.29,0.99,6.39,,,,,
Red Dead Redemption,X360,2010,Action,Take-Two Interactive,3.71,1.97,0.09,0.58,6.35,95,96,9,2327,M
Halo 3: ODST,X360,2009,Shooter,Microsoft Game Studios,4.34,1.34,0.06,0.61,6.34,83,94,7.1,1166,M
Super Mario Sunshine,GC,2002,Platform,Nintendo,4.01,1.26,0.87,0.17,6.31,92,61,8.6,444,E
World of Warcraft,PC,2004,Role-Playing,Activision,0.09,6.22,0,0,6.31,93,57,7.3,2199,T
Street Fighter II: The World Warrior,SNES,1992,Fighting,Capcom,2.47,0.83,2.87,0.12,6.3,,,,,
Driver,PS,1999,Action,GT Interactive,3.11,2.8,0.02,0.33,6.27,87,22,8,81,T
Gears of War 3,X360,2011,Shooter,Microsoft Game Studios,4.05,1.59,0.07,0.5,6.21,91,96,7.8,1510,M
Kinect Sports,X360,2010,Sports,Microsoft Game Studios,3.92,1.73,0.03,0.51,6.19,73,51,7.4,95,E10+
Gears of War,X360,2006,Shooter,Microsoft Game Studios,3.54,1.88,0.07,0.6,6.09,94,88,8.3,2301,M
FIFA 15,PS4,2014,Sports,Electronic Arts,0.8,4.33,0.05,0.91,6.08,82,47,5.7,993,E
Metal Gear Solid 2: Sons of Liberty,PS2,2001,Action,Konami Digital Entertainment,2.45,2.01,0.87,0.72,6.05,96,42,8.7,1035,M
Sonic the Hedgehog 2,GEN,1992,Platform,Sega,4.47,1.2,0.16,0.19,6.03,,,,,
Metal Gear Solid,PS,1998,Action,Konami Digital Entertainment,3.18,1.83,0.78,0.24,6.03,94,20,9.4,934,M
Metal Gear Solid 4: Guns of the Patriots,PS3,2008,Action,Konami Digital Entertainment,2.63,1.71,0.83,0.82,5.99,94,82,8.7,3575,M
Final Fantasy XII,PS2,2006,Role-Playing,Square Enix,1.88,0,2.33,1.74,5.95,92,64,7.7,982,T
The Last of Us,PS3,2013,Action,Sony Computer Entertainment Europe,2.41,2.19,0.29,0.99,5.89,95,98,9.1,8039,M
LittleBigPlanet,PS3,2008,Platform,Sony Computer Entertainment,2.8,1.98,0.17,0.87,5.82,95,85,6.8,5319,E
Resident Evil 2,PS,1998,Action,Virgin Interactive,1.88,1.47,2.02,0.45,5.82,89,13,9.2,369,M
Call of Duty: Infinite Warfare,PS4,2016,Shooter,Activision,2.15,2.57,0.16,0.93,5.8,77,86,3.5,1208,M
Dragon Quest IX: Sentinels of the Starry Skies,DS,2009,Role-Playing,Nintendo,0.63,0.67,4.35,0.15,5.78,87,65,8.8,202,E10+
Tekken 2,PS,1996,Fighting,Sony Computer Entertainment,2.26,1.89,1.36,0.23,5.74,89,8,8.9,102,T
Grand Theft Auto V,XOne,2014,Action,Take-Two Interactive,2.93,2.32,0,0.49,5.74,97,14,7.9,774,M
Destiny,PS4,2014,Shooter,Activision,2.5,2.07,0.16,0.93,5.66,76,95,6.1,5389,T
LEGO Star Wars: The Complete Saga,Wii,2007,Action,LucasArts,3.57,1.56,0,0.51,5.64,80,17,8.9,62,E10+
Cooking Mama,DS,2006,Simulation,505 Games,3.08,1.91,0.07,0.57,5.64,67,35,7.2,21,E
Tetris,NES,1988,Puzzle,Nintendo,2.97,0.69,1.81,0.11,5.58,,,,,
Super Smash Bros.,N64,1999,Fighting,Nintendo,2.95,0.6,1.97,0.04,5.55,,,,,
Assassins Creed II,PS3,2009,Action,Ubisoft,2.54,1.93,0.21,0.86,5.55,91,70,8.6,1212,M
Assassins Creed,X360,2007,Adventure,Ubisoft,3.28,1.64,0.07,0.56,5.54,81,77,7.7,1084,M
Forza Motorsport 3,X360,2009,Racing,Microsoft Game Studios,2.99,1.9,0.1,0.5,5.49,92,90,8,516,E
Super Mario Advance,GBA,2001,Platform,Nintendo,3.14,1.24,0.91,0.2,5.49,84,19,7.8,42,E
Batman: Arkham City,PS3,2011,Action,Warner Bros. Interactive Entertainment,2.71,1.85,0.11,0.81,5.48,96,42,8.6,2174,T
Monster Hunter Freedom Unite,PSP,2008,Role-Playing,Capcom,0.47,0.55,4.13,0.34,5.48,81,48,8.7,124,T
Mario Kart: Super Circuit,GBA,2001,Racing,Nintendo,2.62,1.64,0.99,0.23,5.47,93,24,8.3,108,E
Super Mario World,GBA,2001,Platform,Nintendo,3.21,1.11,0.95,0.2,5.46,,,,,
Pokemon Stadium,N64,1999,Strategy,Nintendo,3.18,1.24,0.94,0.09,5.45,,,,,
Crash Bandicoot: The Wrath of Cortex,PS2,2001,Platform,Universal Interactive,2.07,2.29,0.24,0.82,5.42,66,22,7.1,161,E
Minecraft,PS3,2014,Misc,Sony Computer Entertainment,2.1,2.42,0,0.89,5.41,,,,,
Call of Duty: World at War,PS3,2008,Shooter,Activision,2.73,1.83,0,0.83,5.4,85,45,7.6,410,M
Tomodachi Life,3DS,2013,Simulation,Nintendo,0.99,2.23,1.91,0.25,5.39,71,52,7.6,156,E
Dr. Mario,G,1989,Puzzle,Nintendo,2.18,0.96,2,0.2,5.34,,,,,
Final Fantasy XIII,PS3,2009,Role-Playing,Square Enix,1.75,1.21,1.87,0.51,5.34,83,83,7.2,2506,T
Pokemon Pinball,G,1999,Misc,Nintendo,3.02,1.12,1.01,0.16,5.31,,,,,
Final Fantasy IX,PS,2000,Role-Playing,SquareSoft,1.62,0.77,2.78,0.14,5.3,94,22,8.9,792,T
Battlefield 1,PS4,2016,Shooter,Electronic Arts,1.45,2.81,0.23,0.81,5.3,89,33,8.4,896,M
New Super Mario Bros. U,WiiU,2012,Platform,Nintendo,2.3,1.4,1.28,0.32,5.29,84,70,8.1,734,E
Assassins Creed III,X360,2012,Action,Ubisoft,3.13,1.69,0.03,0.44,5.29,84,61,6.8,1204,M
Final Fantasy X-2,PS2,2003,Role-Playing,Electronic Arts,1.92,1.08,2.11,0.17,5.29,85,45,6.6,404,T
Call of Duty: Advanced Warfare,XOne,2014,Shooter,Activision,3.24,1.55,0.01,0.48,5.28,81,53,5.4,900,M
Donkey Kong 64,N64,1999,Platform,Nintendo,3.33,0.79,1.09,0.06,5.27,,,,,
Assassins Creed II,X360,2009,Action,Ubisoft,3.12,1.55,0.08,0.52,5.27,90,82,8.8,1320,M
Tomb Raider II,PS,1997,Action,Eidos Interactive,2.3,2.46,0.2,0.28,5.24,85,13,,,T
Madden NFL 2004,PS2,2003,Sports,Electronic Arts,4.26,0.26,0.01,0.71,5.23,94,29,8.5,140,E
Dragon Quest VIII: Journey of the Cursed King,PS2,2004,Role-Playing,Square Enix,0.65,0.75,3.61,0.2,5.21,89,63,8.8,249,T
Super Mario Bros. 3,GBA,2003,Platform,Nintendo,2.93,1.25,0.83,0.2,5.2,,,,,
Professor Layton and the Curious Village,DS,2007,Puzzle,Nintendo,1.21,2.43,1.03,0.52,5.19,85,72,8.6,149,E
Super Mario Land 3: Wario Land,G,1994,Platform,Nintendo,2.49,0.98,1.57,0.15,5.19,,,,,
FIFA Soccer 13,X360,2012,Action,Electronic Arts,1.09,3.47,0.03,0.58,5.17,90,48,6.1,404,E
Diablo III,PC,2012,Role-Playing,Activision,2.45,2.17,0,0.54,5.17,88,86,4,9643,M
Donkey Kong Country 2: Diddys Kong Quest,SNES,1995,Platform,Nintendo,2.1,0.74,2.2,0.11,5.15,,,,,
Medal of Honor: Rising Sun,PS2,2003,Shooter,Electronic Arts,1.98,2.23,0.13,0.8,5.13,68,30,7.6,100,T
Kirbys Dream Land,G,1992,Platform,Nintendo,2.71,0.61,1.7,0.11,5.13,,,,,
Microsoft Flight Simulator,PC,1996,Simulation,Microsoft Game Studios,3.22,1.69,0,0.2,5.12,,,,,
Guitar Hero II,PS2,2006,Misc,RedOctane,3.81,0.63,0,0.68,5.12,92,69,8.5,113,T
Fable III,X360,2010,Role-Playing,Microsoft Game Studios,3.59,1.08,0.05,0.38,5.1,80,88,6.5,608,M
Mario & Sonic at the Olympic Games,DS,2008,Sports,Sega,1.63,2.45,0.44,0.57,5.09,,,,,
Resident Evil 5,PS3,2009,Action,Capcom,1.96,1.41,1.08,0.64,5.09,84,76,7.5,671,M
The Legend of Zelda: Phantom Hourglass,DS,2007,Action,Nintendo,1.85,1.8,0.95,0.48,5.08,90,57,8,418,E
FIFA Soccer 11,PS3,2010,Sports,Electronic Arts,0.61,3.28,0.06,1.12,5.07,89,51,8,233,E
Super Mario Bros.,G,1999,Platform,Nintendo,3.4,1.3,0.15,0.22,5.07,,,,,
The Last of Us,PS4,2014,Action,Sony Computer Entertainment,2.04,2.12,0.07,0.83,5.06,,,,,
Resident Evil,PS,1996,Action,Virgin Interactive,2.05,1.16,1.11,0.73,5.05,91,8,9,268,M
Grand Theft Auto: Vice City Stories,PSP,2006,Action,Take-Two Interactive,1.7,1.99,0.16,1.19,5.03,86,50,8,152,M
Tony Hawks Pro Skater,PS,1999,Sports,Activision,3.42,1.38,0.02,0.2,5.02,92,18,9.2,69,T
Warzone 2100,PS,1999,Strategy,Eidos Interactive,2.79,1.89,0,0.33,5.01,,,,,
Spyro the Dragon,PS,1998,Platform,Sony Computer Entertainment,3.36,1.36,0.07,0.21,5,,,,,
Guitar Hero III: Legends of Rock,PS2,2007,Misc,Activision,3.49,0.01,0.01,1.48,4.98,82,24,8.2,47,T
Links Crossbow Training,Wii,2007,Shooter,Nintendo,3.05,1.17,0.29,0.46,4.98,68,34,7.1,47,T
Fallout 3,X360,2008,Role-Playing,Bethesda Softworks,3.4,0.99,0.09,0.45,4.94,93,84,8.5,1658,M
Pokemon Mystery Dungeon: Explorers of Time/Explorers of Darkness,DS,2007,Role-Playing,Nintendo,1.83,1.19,1.54,0.37,4.93,,,,,
Super Smash Bros. for Wii U and 3DS,WiiU,2014,Fighting,Nintendo,2.63,1.1,0.82,0.38,4.93,,,,,
Uncharted: Drakes Fortune,PS3,2007,Action,Sony Computer Entertainment,2.32,1.72,0.12,0.77,4.92,88,66,8.1,2332,T
Madden NFL 06,PS2,2005,Sports,Electronic Arts,3.98,0.26,0.01,0.66,4.91,88,29,8,121,E
Diddy Kong Racing,N64,1997,Racing,Nintendo,2.91,0.99,0.89,0.1,4.88,,,,,
Monster Hunter Freedom 3,PSP,2010,Role-Playing,Capcom,0,0,4.87,0,4.87,,,,,
StarCraft II: Wings of Liberty,PC,2010,Strategy,Activision,2.58,1.69,0,0.59,4.85,93,82,8.2,3057,T
Dr. Mario,NES,1990,Puzzle,Nintendo,2.62,0.6,1.52,0.1,4.85,,,,,
Assassins Creed,PS3,2007,Adventure,Ubisoft,1.91,2,0.09,0.82,4.82,81,40,7.3,777,M
God of War III,PS3,2010,Action,Sony Computer Entertainment,2.74,1.34,0.12,0.61,4.8,92,101,8.7,2647,M
Uncharted: The Nathan Drake Collection,PS4,2015,Action,Sony Computer Entertainment,2.13,1.79,0.09,0.79,4.8,86,78,8.1,1289,T
Crash Team Racing,PS,1999,Racing,Sony Computer Entertainment,2.57,1.57,0.44,0.21,4.79,88,20,9,239,E
LEGO Star Wars: The Complete Saga,DS,2007,Action,LucasArts,2.83,1.48,0,0.45,4.76,80,9,5.4,46,E
Driver 2,PS,2000,Action,Atari,2.36,2.1,0.02,0.25,4.73,62,14,7.7,93,T
Batman: Arkham City,X360,2011,Action,Warner Bros. Interactive Entertainment,2.99,1.27,0.04,0.42,4.73,94,87,8.7,1477,T
The Simpsons: Hit & Run,PS2,2003,Racing,Vivendi Games,1.73,2.19,0,0.79,4.7,,,,,
Tony Hawks Pro Skater 2,PS,2000,Sports,Activision,3.05,1.41,0.02,0.2,4.68,98,19,7.7,301,T
The Lord of the Rings: The Two Towers,PS2,2002,Action,Electronic Arts,1.94,1.95,0.08,0.7,4.67,82,32,8.2,78,T
Tomb Raider,PS,1996,Action,Eidos Interactive,2.29,1.97,0.13,0.24,4.63,91,13,8.6,149,T
Animal Crossing: City Folk,Wii,2008,Simulation,Nintendo,1.83,1.12,1.32,0.36,4.62,73,50,7.6,120,E
Luigis Mansion: Dark Moon,3DS,2013,Action,Nintendo,1.82,1.39,1.12,0.29,4.62,86,74,8.4,461,E
Minecraft,PS4,2014,Misc,Sony Computer Entertainment Europe,1.62,2.13,0.14,0.73,4.62,,,,,
Halo 5: Guardians,XOne,2015,Shooter,Microsoft Game Studios,2.86,1.29,0.03,0.42,4.61,84,101,6.4,2455,T
The Legend of Zelda: A Link to the Past,SNES,1991,Action,Nintendo,2.42,0.91,1.15,0.13,4.61,,,,,
The Legend of Zelda: The Wind Waker,GC,2002,Action,Nintendo,2.6,0.99,0.89,0.13,4.6,96,80,8.9,977,E
Guitar Hero III: Legends of Rock,Wii,2007,Misc,Activision,3.04,1.11,0,0.43,4.6,86,36,8.4,87,T
Forza Motorsport 4,X360,2011,Racing,Microsoft Game Studios,2.08,1.97,0.06,0.46,4.57,91,83,8.2,619,E
Splatoon,WiiU,2015,Shooter,Nintendo,1.56,1.24,1.48,0.26,4.54,81,88,8.5,1189,E10+
Mario & Sonic at the Olympic Winter Games,Wii,2009,Sports,Sega,1.87,1.96,0.22,0.48,4.53,,,,,
Madden NFL 2005,PS2,2004,Sports,Electronic Arts,4.18,0.26,0.01,0.08,4.53,91,30,7.9,78,E
Guitar Hero III: Legends of Rock,X360,2007,Misc,Activision,3.19,0.91,0.01,0.42,4.53,85,69,7.9,167,T
The Legend of Zelda: Ocarina of Time,3DS,2011,Action,Nintendo,2.18,1.38,0.63,0.32,4.51,,,,,
Pitfall!,2600,1981,Platform,Activision,4.21,0.24,0,0.05,4.5,,,,,
Madden NFL 07,PS2,2006,Sports,Electronic Arts,3.63,0.24,0.01,0.61,4.49,84,29,8.2,39,E
Spider-Man: The Movie,PS2,2002,Action,Activision,2.71,1.51,0.03,0.23,4.48,76,25,7.9,42,E
Super Mario 3D World,WiiU,2013,Platform,Nintendo,2.18,1.23,0.73,0.34,4.47,93,83,9,1615,E
Dragon Quest VII: Warriors of Eden,PS,2000,Role-Playing,Enix Corporation,0.2,0.14,4.1,0.02,4.47,,,,,
God of War,PS2,2005,Action,Sony Computer Entertainment,2.71,1.29,0.02,0.43,4.45,94,75,8.9,1007,M
Nintendo Land,WiiU,2012,Misc,Nintendo,2.52,1.11,0.46,0.33,4.42,77,61,7.9,473,E10+
Tony Hawks Pro Skater 3,PS2,2001,Sports,Activision,2.66,1.29,0.01,0.46,4.41,97,34,7.5,298,T
Winning Eleven: Pro Evolution Soccer 2007,PS2,2006,Sports,Konami Digital Entertainment,0.1,2.39,1.05,0.86,4.39,86,19,8.9,33,E
The Elder Scrolls IV: Oblivion,X360,2006,Role-Playing,Take-Two Interactive,2.83,1.03,0.13,0.4,4.39,94,90,8.7,1113,M
Zelda II: The Adventure of Link,NES,1987,Adventure,Nintendo,2.19,0.5,1.61,0.08,4.38,,,,,
Call of Duty: Advanced Warfare,PS3,2014,Shooter,Activision,1.57,1.93,0.19,0.69,4.38,,,4.8,207,M
Fallout 4,XOne,2015,Role-Playing,Bethesda Softworks,2.59,1.37,0.01,0.4,4.37,88,39,6.2,1759,M
Need for Speed: Most Wanted,PS2,2005,Racing,Electronic Arts,2.03,1.79,0.08,0.47,4.37,82,36,9.1,138,T
Michael Jackson: The Experience,Wii,2010,Misc,Ubisoft,2.64,1.33,0.01,0.39,4.36,56,37,8.3,32,E10+
Resistance: Fall of Man,PS3,2006,Shooter,Sony Computer Entertainment,1.74,1.72,0.14,0.75,4.35,86,70,8.1,718,M
Sonic the Hedgehog,GEN,1991,Platform,Sega,3.03,0.91,0.26,0.13,4.34,,,,,
Kingdom Hearts II,PS2,2005,Role-Playing,Square Enix,2.2,0.58,1.38,0.17,4.33,87,64,9,778,E10+
Call of Duty: Advanced Warfare,X360,2014,Shooter,Activision,2.79,1.13,0,0.4,4.32,,,4.9,221,M
Asteroids,2600,1980,Shooter,Atari,4,0.26,0,0.05,4.31,,,,,
FIFA 15,PS3,2014,Sports,Electronic Arts,0.58,3.02,0.04,0.64,4.28,,,4.5,110,E
Fable II,X360,2008,Role-Playing,Microsoft Game Studios,2.51,1.24,0.11,0.41,4.27,89,95,6.5,2427,M
Batman: Arkham Asylum,PS3,2009,Action,Eidos Interactive,2.24,1.31,0.07,0.61,4.24,91,70,8.9,1130,T
Namco Museum,GBA,2001,Misc,Namco Bandai Games,3,1.11,0.05,0.07,4.24,79,10,7.3,6,E
Metal Gear Solid 3: Snake Eater,PS2,2004,Action,Konami Digital Entertainment,1.46,0,0.83,1.93,4.23,91,68,9.3,968,M
FIFA 14,X360,2013,Sports,Electronic Arts,0.93,2.89,0.01,0.4,4.22,84,41,4.2,436,E
Assassins Creed: Revelations,PS3,2011,Action,Ubisoft,1.41,2.01,0.1,0.7,4.22,80,39,7.5,620,M
Daxter,PSP,2006,Platform,Sony Computer Entertainment,2.45,1.01,0,0.75,4.21,85,59,8.7,109,E10+
Warcraft II: Tides of Darkness,PC,1995,Strategy,Activision,1.7,2.27,0,0.23,4.21,,,,,
FIFA Soccer 06,PS2,2005,Sports,Electronic Arts,0.78,2.55,0.04,0.84,4.21,80,32,7.8,47,E
EyeToy Play,PS2,2003,Misc,Sony Computer Entertainment,0.88,2.3,0.2,0.83,4.2,80,32,7.5,22,E
Assassins Creed: Revelations,X360,2011,Action,Ubisoft,2.25,1.47,0.04,0.43,4.2,80,77,7.2,570,M
Gran Turismo 5 Prologue,PS3,2007,Racing,Sony Computer Entertainment,1.28,1.82,0.57,0.52,4.19,80,67,7.1,120,E
FIFA 12,X360,2011,Sports,Electronic Arts,0.85,2.78,0.02,0.53,4.18,,,,,
Teenage Mutant Ninja Turtles,NES,1989,Action,Palcom,3.38,0.44,0.31,0.04,4.17,,,,,
Street Fighter IV,PS3,2009,Fighting,Capcom,2.03,1.04,0.58,0.52,4.17,94,61,7.3,331,T
Excitebike,NES,1984,Racing,Nintendo,2.04,0.48,1.57,0.07,4.16,,,,,
Frogger,PS,1997,Action,Hasbro Interactive,3.79,0.27,0,0.11,4.16,,,,,
Madden NFL 2003,PS2,2002,Sports,Electronic Arts,3.36,0.21,0.01,0.56,4.14,95,25,7.7,65,E
The Witcher 3: Wild Hunt,PS4,2015,Role-Playing,Namco Bandai Games,1.07,2.22,0.23,0.62,4.14,92,79,9.2,10270,M
Half-Life,PC,1997,Shooter,Vivendi Games,4.03,0,0.09,0,4.12,96,24,9.1,3179,M
Super Mario World 2: Yoshis Island,SNES,1995,Platform,Nintendo,1.65,0.61,1.76,0.09,4.12,,,,,
FIFA Soccer 07,PS2,2006,Sports,Electronic Arts,0.71,2.48,0.03,0.89,4.11,,,,,
Street Fighter II Turbo,SNES,1992,Fighting,Capcom,1.42,0.51,2.1,0.07,4.1,,,,,
Watch Dogs,PS4,2014,Action,Ubisoft,1.4,1.93,0.11,0.65,4.09,80,80,6.3,3018,M
World of Warcraft: The Burning Crusade,PC,2007,Role-Playing,Activision,2.57,1.52,0,0,4.09,91,46,7.9,789,T
Batman: Arkham Knight,PS4,2015,Action,Warner Bros. Interactive Entertainment,1.59,1.73,0.11,0.66,4.09,87,89,7.6,2715,M
God of War II,PS2,2007,Action,Sony Computer Entertainment,2.32,0.04,0.04,1.67,4.07,93,70,8.9,718,M
Far Cry 4,PS4,2014,Shooter,Ubisoft,1.15,2.18,0.1,0.63,4.06,85,83,7.7,1663,M
Fallout: New Vegas,X360,2010,Role-Playing,Bethesda Softworks,2.66,1.03,0.04,0.33,4.06,84,81,8.1,775,M
World Soccer Winning Eleven 9,PS2,2005,Sports,Konami Digital Entertainment,0.12,2.26,0.9,0.77,4.06,,,8.2,23,E
Carnival Games,Wii,2007,Misc,Take-Two Interactive,2.12,1.47,0.05,0.42,4.05,56,27,6,44,E
Forza Motorsport 2,X360,2007,Racing,Microsoft Game Studios,2.35,1.27,0.03,0.41,4.05,90,66,8.3,381,E
Namco Museum Vol.3,PS,1996,Misc,Sony Computer Entertainment,2.28,1.55,0.16,0.06,4.05,,,,,
Tekken Tag Tournament,PS2,2000,Fighting,Namco Bandai Games,1.68,1.51,0.51,0.35,4.05,85,25,8.5,118,T
Star Fox 64,N64,1997,Shooter,Nintendo,2.78,0.58,0.64,0.04,4.03,,,,,
Golf,NES,1984,Sports,Nintendo,1.22,0.28,2.46,0.04,4.01,,,,,
Tom Clancys The Division,PS4,2016,Shooter,Ubisoft,1.37,1.85,0.15,0.63,4,80,64,7,2234,M
Assassins Creed: Unity,PS4,2014,Action,Ubisoft,1.2,2.09,0.08,0.63,3.99,70,40,4.9,2069,M
Namco Museum: 50th Anniversary,PS2,2005,Misc,Namco Bandai Games,2.08,1.35,0,0.54,3.98,61,21,,,E10+
Left 4 Dead 2,X360,2009,Shooter,Electronic Arts,2.67,0.87,0.05,0.38,3.97,89,76,8.6,684,M
Fallout 3,PS3,2008,Role-Playing,Bethesda Softworks,2.16,1.13,0.07,0.59,3.95,90,57,8,916,M
The Legend of Zelda: Skyward Sword,Wii,2011,Action,Nintendo,2.03,1.17,0.37,0.38,3.95,93,81,7.9,1972,E10+
Professor Layton and the Diabolical Box,DS,2007,Puzzle,Nintendo,0.9,1.76,0.92,0.37,3.94,84,65,8.8,73,E10+
The Elder Scrolls V: Skyrim,PC,2011,Role-Playing,Bethesda Softworks,1.16,2.16,0,0.6,3.92,94,32,8.1,9142,M
Nintendogs + cats,3DS,2011,Simulation,Nintendo,1.44,1.47,0.73,0.27,3.92,,,,,
Monster Hunter 4 Ultimate,3DS,2014,Role-Playing,Nintendo,0.7,0.48,2.62,0.11,3.92,86,80,8.7,348,T
Star Wars Battlefront (2015),XOne,2015,Shooter,Electronic Arts,2.24,1.3,0.02,0.35,3.91,,,,,
Donkey Kong Land,G,1994,Platform,Nintendo,1.97,0.76,1.07,0.11,3.91,,,,,
EA Sports Active,Wii,2009,Sports,Electronic Arts,2.09,1.35,0.06,0.4,3.91,81,27,8.7,39,E
NBA 2K16,PS4,2015,Sports,Take-Two Interactive,2.51,0.66,0.04,0.69,3.9,87,51,6.7,369,E10+
Tony Hawks Underground,PS2,2003,Sports,Activision,2.29,1.17,0.01,0.42,3.9,90,38,8.7,121,T
Tekken 5,PS2,2005,Fighting,Namco Bandai Games,0.93,1.94,0.31,0.7,3.87,88,62,8.7,233,T
Dragon Warrior III,NES,1988,Role-Playing,Enix Corporation,0.1,0,3.77,0,3.87,,,,,
MotorStorm,PS3,2006,Racing,Sony Computer Entertainment,1.53,1.6,0.06,0.67,3.87,84,9,7.3,224,T
World Soccer Winning Eleven 8 International,PS2,2004,Sports,Konami Digital Entertainment,0.16,1.89,1.12,0.68,3.85,91,26,9.1,38,E
Sports Champions,PS3,2010,Sports,Sony Computer Entertainment,2.13,1.12,0.1,0.5,3.85,76,64,7.9,104,E10+
Namco Museum Vol.1,PS,1995,Misc,Sony Computer Entertainment,2.12,1.44,0.22,0.06,3.84,,,,,
Call of Duty: Ghosts,PS4,2013,Shooter,Activision,1.78,1.43,0.05,0.57,3.83,78,49,3.7,1570,M
The Legend of Zelda: Links Awakening,G,1992,Action,Nintendo,2.21,0.96,0.54,0.13,3.83,,,,,
Flash Focus: Vision Training in Minutes a Day,DS,2007,Misc,Nintendo,0.86,1.56,1.05,0.35,3.83,59,22,4,4,E
Big Brain Academy: Wii Degree,Wii,2007,Misc,Nintendo,1.05,1.91,0.41,0.42,3.79,68,33,6.9,39,E
Resident Evil Directors Cut,PS,1996,Action,Virgin Interactive,1.82,1.24,0.47,0.25,3.77,,,,,
Mario & Luigi: Bowsers Inside Story,DS,2009,Role-Playing,Nintendo,2.23,0.47,0.81,0.26,3.77,,,,,
LEGO Indiana Jones: The Original Adventures,X360,2008,Action,Activision,2.4,1.01,0,0.36,3.76,77,60,7.5,65,E10+
The Sims: Unleashed,PC,2002,Simulation,Electronic Arts,2.03,1.56,0,0.17,3.76,79,21,7.7,30,T
Ratchet & Clank: Size Matters,PSP,2007,Platform,Sony Computer Entertainment,1.4,1.39,0.1,0.86,3.74,,,,,
Harry Potter and the Sorcerers Stone,PS,2001,Action,Electronic Arts,1.37,2,0.14,0.22,3.73,64,11,7.5,43,E
Assassins Creed IV: Black Flag,PS3,2013,Action,Ubisoft,1.33,1.69,0.13,0.57,3.72,88,36,8.1,846,M
Mario & Sonic at the London 2012 Olympic Games,Wii,2011,Sports,Sega,1.12,1.87,0.27,0.45,3.72,,,,,
Resident Evil 3: Nemesis,PS,1999,Action,Eidos Interactive,1.3,0.77,1.54,0.11,3.72,,,,,
Super Paper Mario,Wii,2007,Platform,Nintendo,1.95,0.86,0.59,0.31,3.72,85,56,7.9,423,E
Spyro: Year of the Dragon,PS,2000,Platform,Sony Computer Entertainment,1.93,1.58,0,0.19,3.71,91,15,8.8,210,E
FIFA Soccer 2005,PS2,2004,Sports,Electronic Arts,0.58,2.48,0.04,0.59,3.7,81,27,7.6,56,E
Pok\xc3\xa9mon Trading Card Game,G,1998,Strategy,Nintendo,1.49,0.73,1.38,0.1,3.7,,,,,
Friend Collection,DS,2009,Misc,Nintendo,0,0,3.67,0,3.67,,,,,
Tony Hawks Pro Skater 4,PS2,2002,Sports,Activision,2.13,1.18,0.01,0.35,3.67,94,27,8.5,129,T
MySims,DS,2007,Simulation,Electronic Arts,1.58,1.59,0.08,0.41,3.66,67,15,6.9,14,E
Midnight Club 3: DUB Edition,PSP,2005,Racing,Take-Two Interactive,1.65,1.21,0,0.79,3.65,74,34,8.4,31,E10+
Banjo-Kazooie,N64,1998,Platform,Nintendo,1.87,1.13,0.55,0.1,3.65,,,,,
SOCOM: U.S. Navy SEALs,PS2,2002,Shooter,Sony Computer Entertainment,2.53,0.81,0.06,0.24,3.65,82,42,7.9,83,M
Jak and Daxter: The Precursor Legacy,PS2,2001,Platform,Sony Computer Entertainment,2.08,1.09,0.15,0.33,3.64,90,35,8.7,314,E
Pokemon Snap,N64,1999,Simulation,Nintendo,2.23,0.68,0.66,0.06,3.63,,,,,
Pro Evolution Soccer 2008,PS2,2007,Sports,Konami Digital Entertainment,0.05,0,0.64,2.93,3.63,82,10,7.9,38,E
Resident Evil 4,PS2,2005,Action,Capcom,2.08,0.83,0.46,0.25,3.62,96,38,8.9,1025,M
FIFA Soccer 10,PS3,2009,Sports,Electronic Arts,0.6,2.45,0.05,0.52,3.62,91,56,7.5,204,E
Guitar Hero: World Tour,Wii,2008,Misc,Activision,2.32,0.96,0,0.34,3.62,86,18,7.6,71,T
Battlefield 4,PS4,2013,Shooter,Electronic Arts,1.37,1.55,0.17,0.52,3.61,85,18,6.9,1586,M
Star Wars: Battlefront,PS2,2004,Shooter,LucasArts,1.93,1.22,0.03,0.44,3.61,82,36,8.7,143,T
Doom II: Hell on Earth,PC,1994,Shooter,Virgin Interactive,2.05,1.4,0,0.16,3.61,,,,,
The Simpsons: Road Rage,PS2,2001,Racing,Electronic Arts,2.02,1.17,0,0.42,3.61,64,23,7.7,32,T
Luigis Mansion,GC,2001,Action,Nintendo,2.38,0.67,0.46,0.1,3.6,78,34,8.6,162,E
Just Dance 2014,Wii,2013,Misc,Ubisoft,1.89,1.39,0,0.31,3.59,,,6.2,10,E10+
Star Wars: Battlefront II,PS2,2005,Shooter,LucasArts,2.18,1.02,0.03,0.37,3.59,84,30,9,268,T
Cooking Mama 2: Dinner With Friends,DS,2007,Simulation,505 Games,1.6,1.49,0.1,0.39,3.58,70,39,8,9,E
WWF SmackDown!,PS,2000,Fighting,THQ,2.01,1.35,0.06,0.16,3.58,,,,,
Croc: Legend of the Gobbos,PS,1997,Platform,Fox Interactive,1.57,1.79,0,0.2,3.56,,,,,
Call of Duty: Infinite Warfare,XOne,2016,Shooter,Activision,2.25,0.98,0,0.33,3.56,78,18,3.2,315,M
Assassins Creed: Unity,XOne,2014,Action,Ubisoft,2.32,0.9,0,0.33,3.56,72,59,4.1,1008,M
Grand Theft Auto: Liberty City Stories,PS2,2006,Action,Take-Two Interactive,1.56,1.4,0.07,0.5,3.54,78,49,7.8,112,M
The Getaway,PS2,2002,Action,Sony Computer Entertainment,1.23,1.77,0.05,0.49,3.54,72,49,6.8,89,M
Tomb Raider III: Adventures of Lara Croft,PS,1997,Action,Eidos Interactive,1.66,1.58,0.12,0.18,3.54,,,,,
James Bond 007: Agent Under Fire,PS2,2001,Shooter,Electronic Arts,1.9,1.13,0.1,0.41,3.53,72,27,7.9,48,T
LEGO Star Wars: The Video Game,PS2,2005,Action,Eidos Interactive,1.98,1.14,0.01,0.41,3.53,,,,,
Rugrats in Paris: The Movie,PS,2000,Action,THQ,1.96,1.33,0,0.23,3.52,,,,,
FIFA Soccer 11,X360,2010,Sports,Electronic Arts,0.71,2.39,0.02,0.4,3.52,88,66,7.5,155,E
Spyro 2: Riptos Rage!,PS,1999,Platform,Sony Computer Entertainment,2.14,1.21,0.01,0.17,3.52,,,,,
Left 4 Dead,X360,2008,Shooter,Electronic Arts,2.66,0.49,0.05,0.3,3.51,89,67,7.9,1309,M
Donkey Kong Country 3: Dixie Kongs Double Trouble!,SNES,1996,Platform,Nintendo,1.17,0.5,1.75,0.08,3.51,,,,,
Resident Evil 5,X360,2009,Action,Capcom,2.11,0.93,0.12,0.34,3.5,83,91,7.5,526,M
Kung Fu,NES,1985,Action,Nintendo,1.64,0.38,1.42,0.06,3.5,,,,,
Assassins Creed: Brotherhood,X360,2010,Action,Ubisoft,2.85,0.38,0.03,0.24,3.5,89,81,8.3,700,M
Battlefield 4,PS3,2013,Shooter,Electronic Arts,1.31,1.42,0.27,0.5,3.5,80,14,5.8,580,M
FIFA Soccer 2004,PS2,2003,Sports,Electronic Arts,0.59,2.36,0.04,0.51,3.49,84,20,6.4,76,E
Battlefield 4,X360,2013,Shooter,Electronic Arts,2.15,1.02,0.02,0.31,3.49,79,21,5.6,546,M
Batman: Arkham Asylum,X360,2009,Action,Eidos Interactive,2.21,0.95,0.02,0.31,3.49,92,78,8.7,1083,T
Battlefield: Bad Company 2,X360,2010,Shooter,Electronic Arts,2.1,1.01,0.04,0.32,3.48,88,75,8.6,870,M
Gears of War: Ultimate Edition,XOne,2015,Shooter,Microsoft Game Studios,2.78,0.34,0,0.36,3.47,82,74,7.5,570,M
Mario & Sonic at the Olympic Winter Games,DS,2009,Sports,Sega,1.21,1.62,0.27,0.37,3.46,,,,,
Guitar Hero: On Tour,DS,2008,Misc,Activision,2.1,1.01,0.01,0.35,3.46,71,70,8.8,29,E10+
Clubhouse Games,DS,2006,Misc,Nintendo,0.59,1.79,0.73,0.34,3.45,83,30,8.4,28,E
Borderlands,X360,2009,Shooter,Take-Two Interactive,2.4,0.71,0.03,0.29,3.44,84,83,8.2,717,M
Monster Hunter 4,3DS,2013,Role-Playing,Capcom,0,0,3.44,0,3.44,,,,,
Assassins Creed Syndicate,PS4,2015,Action,Ubisoft,0.84,2.01,0.07,0.53,3.44,76,86,6.8,1341,M
Tekken 4,PS2,2002,Fighting,Namco Bandai Games,1.55,1.27,0.33,0.29,3.44,79,23,8.3,126,T
Battlefield 1,XOne,2016,Shooter,Electronic Arts,2.14,0.97,0.01,0.32,3.44,87,38,8.1,470,M
Metal Gear Solid V: The Phantom Pain,PS4,2015,Action,Konami Digital Entertainment,1.1,1.36,0.49,0.48,3.43,93,86,8.2,3987,M
Final Fantasy III,SNES,1994,Role-Playing,SquareSoft,0.86,0,2.55,0.02,3.42,,,,,
Grand Theft Auto 2,PS,1998,Action,Take-Two Interactive,1.13,2.07,0,0.22,3.42,70,15,8,67,T
Spider-Man 2,PS2,2004,Action,Activision,1.75,1.2,0.02,0.43,3.41,80,50,8.9,109,T
F-1 Race,G,1990,Racing,Nintendo,1.73,0.69,0.59,0.4,3.41,,,,,
LittleBigPlanet 2,PS3,2011,Platform,Sony Computer Entertainment,1.83,1.05,0.06,0.46,3.4,91,86,8.4,660,E
LEGO Batman: The Videogame,X360,2008,Action,Warner Bros. Interactive Entertainment,2.04,1.03,0,0.32,3.4,76,49,7.9,75,E10+
FIFA Soccer 2003,PS2,2002,Sports,Electronic Arts,0.46,2.28,0.05,0.61,3.4,88,15,6.7,35,E
Crash Bash,PS,2000,Misc,Sony Computer Entertainment,1.56,1.47,0.19,0.17,3.39,68,12,8.3,100,E
Destiny,XOne,2014,Shooter,Activision,2.14,0.92,0,0.31,3.38,75,11,5.5,1736,T
Monster Hunter X,3DS,2015,Action,Capcom,0.29,0.23,2.8,0.05,3.37,,,,,
Final Fantasy XV,PS4,2016,Role-Playing,Square Enix,1.01,1.12,0.81,0.42,3.37,82,102,7.7,2659,T
WWF War Zone,PS,1998,Fighting,Acclaim Entertainment,2.47,0.76,0,0.13,3.36,,,,,
The Legend of Zelda: Majoras Mask,N64,2000,Action,Nintendo,1.9,0.67,0.73,0.06,3.36,,,,,
Far Cry 3,PS3,2012,Shooter,Ubisoft,0.88,1.7,0.1,0.67,3.35,90,32,8.5,1046,M
Rugrats: Search For Reptar,PS,1998,Adventure,THQ,1.63,1.53,0,0.18,3.34,,,,,
Yokai Watch 2 Ganso/Honke,3DS,2014,Role-Playing,Nintendo,0.13,0,3.18,0.02,3.33,,,,,
English Training: Have Fun Improving Your Skills!,DS,2006,Misc,Nintendo,0,0.99,2.32,0.02,3.33,,,,,
James Bond 007: Nightfire,PS2,2002,Shooter,Electronic Arts,1.45,1.29,0.12,0.46,3.33,77,20,8.5,66,T
Ratchet & Clank,PS2,2002,Platform,Sony Computer Entertainment,1.44,1.01,0.57,0.3,3.33,,,,,
Star Wars Episode III: Revenge of the Sith,PS2,2005,Action,LucasArts,1.47,1.39,0.03,0.43,3.32,60,34,7.2,82,T
The Legend of Zelda: Spirit Tracks,DS,2009,Action,Nintendo,1.4,0.91,0.74,0.26,3.31,87,75,7.8,231,E10+
Max Payne,PS2,2001,Shooter,Take-Two Interactive,1.99,1.05,0.05,0.22,3.31,80,21,8.4,87,M
Halo: The Master Chief Collection,XOne,2014,Shooter,Microsoft Game Studios,1.98,1,0.03,0.3,3.31,85,69,7.2,1272,M
Assassins Creed IV: Black Flag,X360,2013,Action,Ubisoft,1.9,1.11,0.01,0.29,3.31,86,35,7.9,706,M
Minecraft,XOne,2014,Misc,Microsoft Game Studios,1.97,1.04,0,0.3,3.3,,,,,
The Lord of the Rings: The Return of the King,PS2,2003,Action,Electronic Arts,1.5,1.28,0.05,0.46,3.28,85,31,8.6,106,T
Super Mario Maker,WiiU,2015,Platform,Nintendo,1.21,0.92,0.95,0.2,3.28,88,85,8.7,698,E
Gran Turismo 6,PS3,2013,Racing,Sony Computer Entertainment,0.74,1.68,0.4,0.45,3.28,81,81,7.7,762,E
True Crime: Streets of LA,PS2,2003,Action,Activision,1.89,1.05,0.02,0.31,3.27,77,39,8,94,M
Professor Layton and the Unwound Future,DS,2008,Puzzle,Nintendo,0.61,1.57,0.82,0.27,3.26,86,62,9.2,111,E10+
FIFA 16,XOne,2015,Sports,Electronic Arts,0.9,2.12,0,0.24,3.26,84,45,4.4,463,E
Gran Turismo (PSP),PSP,2009,Racing,Sony Computer Entertainment,0.5,1.58,0.31,0.87,3.26,,,,,
Madden NFL 16,PS4,2015,Sports,Electronic Arts,2.35,0.3,0,0.6,3.26,83,37,5.9,180,E
Wii Music,Wii,2008,Misc,Nintendo,1.35,1.11,0.46,0.32,3.25,63,43,4.6,116,E
Tekken,PS,1995,Fighting,Sony Computer Entertainment,0.95,1.3,0.77,0.22,3.24,,,,,
FIFA 17,XOne,2016,Sports,Electronic Arts,0.72,2.3,0,0.22,3.24,84,51,5.4,210,E
The Sims 4,PC,2014,Simulation,Electronic Arts,1.05,1.93,0,0.24,3.23,70,74,3.9,2075,T
007: Tomorrow Never Dies,PS,1999,Shooter,Electronic Arts,1.72,1.33,0,0.16,3.21,,,,,
Baseball,NES,1983,Sports,Nintendo,0.73,0.1,2.35,0.02,3.2,,,,,
WWF SmackDown! 2: Know Your Role,PS,2000,Fighting,THQ,1.76,1.21,0.07,0.16,3.2,,,,,
Killer Instinct,SNES,1995,Fighting,Nintendo,2.26,0.72,0.12,0.1,3.2,,,,,
Dragon Quest VI: Maboroshi no Daichi,SNES,1995,Role-Playing,Enix Corporation,0,0,3.19,0,3.19,,,,,
God of War: Chains of Olympus,PSP,2008,Action,Sony Computer Entertainment,1.48,1,0.04,0.66,3.18,91,79,8.6,566,M
L.A. Noire,PS3,2011,Adventure,Take-Two Interactive,1.28,1.29,0.12,0.5,3.18,89,78,7.7,1017,M
Enter the Matrix,PS2,2003,Action,Atari,1.78,1.12,0.09,0.19,3.18,62,30,8.1,137,T
Crisis Core: Final Fantasy VII,PSP,2007,Role-Playing,Square Enix,1.35,0.59,0.8,0.43,3.18,83,67,8,465,T
Dance Central,X360,2010,Misc,MTV Games,2.15,0.76,0.01,0.26,3.17,82,63,7.6,85,T
Ace Combat 04: Shattered Skies,PS2,2001,Simulation,Sony Computer Entertainment Europe,2.06,0.56,0.38,0.17,3.17,89,22,9.1,97,E
Animal Crossing: Happy Home Designer,3DS,2015,Simulation,Nintendo,0.55,1.07,1.41,0.13,3.16,66,60,6.8,107,E
Animal Crossing,GC,2001,Simulation,Nintendo,1.92,0.16,0.99,0.09,3.15,87,42,8.9,138,E
FIFA Soccer 08,PS2,2007,Sports,Electronic Arts,0.68,0,0,2.46,3.14,83,12,6.5,36,E
Mario Party 9,Wii,2012,Misc,Nintendo,1.06,1.1,0.76,0.22,3.14,73,45,6.8,159,E
Club Penguin: Elite Penguin Force,DS,2008,Adventure,Disney Interactive Studios,1.87,0.97,0,0.3,3.14,,,8,37,E
Spider-Man,PS,2000,Action,Activision,1.7,1.25,0.02,0.16,3.13,87,19,8.9,109,E
The Legend of Zelda: A Link Between Worlds,3DS,2013,Action,Nintendo,1.41,1.03,0.46,0.23,3.13,91,81,8.9,1070,E
Need for Speed III: Hot Pursuit,PS,1998,Racing,Electronic Arts,2.14,0.86,0,0.13,3.12,88,13,,,E
Star Wars Episode I Racer,N64,1999,Racing,Nintendo,2.31,0.62,0.14,0.04,3.12,,,,,
Sonic Rush,DS,2005,Platform,Sega,1.21,1.56,0.06,0.29,3.12,82,43,8.5,102,E
Fallout: New Vegas,PS3,2010,Role-Playing,Bethesda Softworks,1.53,1.03,0.1,0.46,3.12,82,57,7.8,496,M
Dragon Warrior IV,NES,1990,Role-Playing,Enix Corporation,0.08,0,3.03,0.01,3.12,,,,,
Personal Trainer: Cooking,DS,2006,Misc,Nintendo,0.91,1,1.03,0.17,3.12,81,12,7.8,10,E
Rhythm Heaven,DS,2008,Misc,Nintendo,0.55,0.5,1.93,0.13,3.11,83,48,9,63,E
The Elder Scrolls IV: Oblivion,PS3,2007,Role-Playing,Ubisoft,1.69,0.85,0.14,0.43,3.1,93,45,8,606,M
Resident Evil 6,PS3,2012,Shooter,Capcom,0.88,0.94,0.88,0.4,3.1,74,34,5.4,1309,M
Mass Effect 2,X360,2010,Role-Playing,Electronic Arts,1.99,0.81,0.03,0.27,3.1,96,98,8.9,3153,M
Dragon Ball Z: Budokai,PS2,2002,Fighting,Atari,2.17,0.28,0.55,0.08,3.09,67,28,7.9,71,T
Madden NFL 2002,PS2,2001,Sports,Electronic Arts,2.5,0.16,0.01,0.42,3.08,94,23,7.9,46,E
World Class Track Meet,NES,1986,Sports,Namco Bandai Games,1.92,0.45,0.64,0.07,3.08,,,,,
Donkey Kong,G,1994,Platform,Nintendo,1.57,0.62,0.55,0.34,3.07,,,,,
The Sims: Vacation,PC,2002,Simulation,Electronic Arts,1.72,1.21,0,0.14,3.07,75,18,7.8,22,T
LEGO Batman: The Videogame,Wii,2008,Action,Warner Bros. Interactive Entertainment,1.8,0.98,0,0.29,3.07,74,17,7.9,22,E10+
LEGO Batman: The Videogame,DS,2008,Action,Warner Bros. Interactive Entertainment,1.75,1.01,0,0.29,3.05,72,16,8,16,E10+
Borderlands 2,X360,2012,Shooter,Take-Two Interactive,1.89,0.88,0.04,0.25,3.05,89,59,8.2,895,M
Kung Fu Panda,X360,2008,Action,Activision,1.91,0.84,0,0.29,3.05,75,42,7.4,32,E10+
Mass Effect 3,X360,2012,Role-Playing,Electronic Arts,1.94,0.84,0.03,0.24,3.04,93,74,5.8,3733,M
Saints Row 2,X360,2008,Action,THQ,1.95,0.79,0.02,0.28,3.04,81,75,8.1,310,M
Heavy Rain,PS3,2010,Adventure,Sony Computer Entertainment,1.29,1.21,0.06,0.47,3.03,87,107,7.7,2775,M
Rayman,PS,1995,Platform,Ubisoft,1.54,1.33,0,0.16,3.03,,,,,
Tom Clancys Splinter Cell,X,2002,Action,Ubisoft,1.85,1.04,0,0.13,3.02,93,46,8.5,121,T
FIFA 14,PS4,2013,Sports,Electronic Arts,0.62,1.85,0.12,0.44,3.02,87,26,6.3,619,E
Mike Tysons Punch-Out!!,NES,1987,Fighting,Nintendo,2.03,0.47,0.45,0.07,3.02,,,,,
WWE SmackDown! Shut Your Mouth,PS2,2002,Sports,THQ,1.45,1.13,0.07,0.38,3.02,,,,,
NBA 2K13,X360,2012,Sports,Take-Two Interactive,2.61,0.2,0.01,0.19,3.01,88,41,7.3,132,E
Killzone 2,PS3,2009,Shooter,Sony Computer Entertainment,1.4,1.06,0.08,0.47,3.01,91,94,8.1,1509,M
Far Cry 3,X360,2012,Shooter,Ubisoft,1.38,1.32,0.02,0.28,3.01,91,39,8.6,1259,M
Epic Mickey,Wii,2010,Platform,Disney Interactive Studios,2.04,0.63,0.12,0.22,3,73,78,7,131,E
Dragon Ball Z: Budokai Tenkaichi 3,PS2,2007,Fighting,Atari,1.15,0,0.76,1.09,3,73,24,9.2,176,T
wwe Smackdown vs. Raw 2006,PS2,2005,Fighting,THQ,1.57,1.02,0,0.41,3,,,,,
Star Fox,SNES,1993,Shooter,Nintendo,1.61,0.51,0.8,0.07,2.99,,,,,
The Sims: Livin Large,PC,2000,Misc,Electronic Arts,1.67,1.18,0,0.13,2.99,82,23,6.6,20,T
World Soccer Winning Eleven 6 International,PS2,2002,Sports,Konami Digital Entertainment,0.12,1.26,1.16,0.45,2.99,93,24,9.1,65,E
Devil May Cry,PS2,2001,Action,Capcom,1.36,0.86,0.64,0.13,2.99,94,37,8.5,467,M
Middle-Earth: Shadow of Mordor,PS4,2014,Action,Warner Bros. Interactive Entertainment,1.02,1.43,0.05,0.47,2.97,84,85,8.1,1907,M
Star Wars: The Old Republic,PC,2011,Role-Playing,Electronic Arts,1.59,1.01,0,0.38,2.97,85,73,5.9,2755,T
Titanfall,XOne,2014,Shooter,Electronic Arts,1.85,0.8,0.04,0.27,2.96,86,68,6.4,2661,M
Sonic Heroes,PS2,2003,Platform,Sega,1.04,1.37,0.06,0.49,2.96,64,29,7.8,94,E
Hitman 2: Silent Assassin,PS2,2002,Action,Eidos Interactive,1.36,1.15,0.04,0.41,2.96,85,19,7.8,78,M
Battlefield: Bad Company 2,PS3,2010,Shooter,Electronic Arts,1.33,1.1,0.08,0.44,2.95,88,59,8.5,573,M
Wave Race 64,N64,1996,Racing,Nintendo,1.98,0.58,0.34,0.04,2.94,,,,,
SOCOM II: U.S. Navy SEALs,PS2,2003,Shooter,Sony Computer Entertainment,2.22,0.51,0.06,0.15,2.94,87,42,9,93,M
WWE SmackDown! vs. RAW 2006,PS2,2005,Fighting,THQ,1.45,1.11,0.04,0.33,2.94,,,,,
Street Fighter IV,X360,2009,Fighting,Capcom,1.83,0.7,0.15,0.26,2.94,93,77,7.3,292,T
Pac-Man Collection,GBA,2001,Puzzle,Atari,2.07,0.77,0.05,0.05,2.94,79,13,7.8,4,E
inFAMOUS,PS3,2009,Action,Sony Computer Entertainment,1.76,0.68,0.12,0.37,2.93,85,98,8.3,1176,T
Call of Duty: Ghosts,XOne,2013,Shooter,Activision,1.88,0.77,0,0.27,2.93,78,7,4.3,702,M
FIFA 15,X360,2014,Sports,Electronic Arts,0.79,1.92,0,0.21,2.92,,,4.2,85,E
Kirby Super Star Ultra,DS,2008,Platform,Nintendo,1.55,0.04,1.19,0.15,2.92,76,40,8.8,77,E
Super Mario World 2: Yoshis Island,GBA,2002,Platform,Nintendo,1.75,0.45,0.62,0.09,2.91,,,,,
Mass Effect,X360,2007,Role-Playing,Microsoft Game Studios,1.83,0.79,0.03,0.27,2.91,91,74,8.7,1702,M
Sonic Mega Collection Plus,PS2,2004,Misc,Sega,1.54,1.14,0,0.22,2.9,73,21,8.6,30,E
World Soccer Winning Eleven 7 International,PS2,2003,Sports,Konami Digital Entertainment,0.08,1.24,1.13,0.45,2.9,93,28,9,45,E
Sega Superstars Tennis,X360,2008,Sports,Sega,1.75,0.86,0,0.28,2.89,67,45,6.8,19,E10+
Hot Shots Golf 3,PS2,2001,Sports,Sony Computer Entertainment,0.99,0.32,1.38,0.2,2.89,85,30,8.9,16,E
Cooking Mama: Cook Off,Wii,2007,Simulation,505 Games,1.41,1.12,0.05,0.3,2.89,61,37,5.3,23,E
WarioWare: Smooth Moves,Wii,2006,Puzzle,Nintendo,0.86,1.04,0.73,0.26,2.89,83,61,7.4,180,E10+
Call of Duty: Finest Hour,PS2,2004,Shooter,Activision,1.51,1.12,0.01,0.24,2.89,76,49,7.7,70,T
Syphon Filter,PS,1999,Shooter,Sony Computer Entertainment,2.03,0.72,0.02,0.11,2.88,90,19,8.7,84,T
Imagine: Babyz,DS,2007,Simulation,Ubisoft,1.3,1.26,0,0.31,2.87,,,7.7,15,E
Colin McRae Rally,PS,1998,Racing,Codemasters,0.09,2.43,0.12,0.22,2.87,,,,,
Mortal Kombat X,PS4,2015,Fighting,Warner Bros. Interactive Entertainment,1.55,0.82,0,0.5,2.86,83,81,7.7,845,M
Madden NFL 13,X360,2012,Sports,Electronic Arts,2.53,0.15,0,0.17,2.86,81,36,5.8,179,E
The Elder Scrolls III: Morrowind,X,2002,Role-Playing,Ubisoft,2.09,0.63,0.03,0.11,2.86,87,34,8.7,112,T
Assassins Creed IV: Black Flag,PS4,2013,Action,Ubisoft,1.07,1.31,0.06,0.42,2.85,83,29,7.8,1553,M
Yoshis Story,N64,1997,Platform,Nintendo,1.29,0.53,0.98,0.05,2.85,,,,,
F-Zero,SNES,1990,Racing,Nintendo,1.37,0.51,0.89,0.07,2.85,,,,,
Command & Conquer: Red Alert,PC,1996,Strategy,Virgin Interactive,1.37,1.34,0,0.14,2.85,,,,,
Mortal Kombat,PS3,2011,Fighting,Warner Bros. Interactive Entertainment,1.98,0.53,0,0.34,2.85,84,60,8.4,496,M
Madden NFL 10,X360,2009,Sports,Electronic Arts,2.52,0.09,0,0.22,2.83,85,58,6.1,90,E
WWE SmackDown! vs. Raw,PS2,2002,Fighting,THQ,1.32,1.08,0.04,0.39,2.83,,,,,
BioShock,X360,2007,Shooter,Take-Two Interactive,1.65,0.85,0.05,0.28,2.83,96,88,8.9,2256,M
Metroid Prime,GC,2002,Shooter,Nintendo,1.96,0.67,0.1,0.09,2.82,97,70,9.3,754,T
Assassins Creed: Brotherhood,PS3,2010,Action,Ubisoft,1.87,0.55,0.11,0.29,2.82,90,59,8.2,800,M
Finding Nemo,GBA,2003,Action,THQ,1.59,1.05,0.04,0.14,2.82,,,7,8,E
Zumba Fitness 2,Wii,2011,Sports,Majesco Entertainment,1.51,1.04,0,0.27,2.82,,,,,T
Myst,PC,1994,Adventure,Red Or,0.02,2.79,0,0,2.81,,,,,
Medal of Honor,PS3,2010,Shooter,Electronic Arts,1.28,1.04,0.07,0.42,2.81,75,56,7.5,285,M
Need for Speed: Most Wanted,PS3,2012,Racing,Electronic Arts,0.71,1.46,0.06,0.58,2.81,,,,,
Imagine: Fashion Designer,DS,2007,Simulation,Ubisoft,1.32,1.19,0,0.3,2.8,,,7.6,7,E
inFAMOUS: Second Son,PS4,2014,Action,Sony Computer Entertainment,1.29,0.98,0.07,0.46,2.8,80,90,7.9,2954,T
WWE SmackDown! Here Comes the Pain,PS2,2003,Fighting,THQ,1.32,1.06,0.04,0.38,2.8,,,,,
Hot Shots Golf,PS,1997,Sports,Sony Computer Entertainment,0.29,0.2,2.13,0.18,2.79,,,,,
A Bugs Life,PS,1998,Platform,Sony Computer Entertainment,1.96,0.72,0,0.11,2.79,,,,,
WWF SmackDown! Just Bring It,PS2,2001,Fighting,THQ,1.19,1.15,0.04,0.41,2.79,,,,,
Dragon Quest V: Tenkuu no Hanayome,SNES,1992,Role-Playing,Enix Corporation,0,0,2.78,0.01,2.79,,,,,
Mortal Kombat Trilogy,PS,1996,Fighting,GT Interactive,1.98,0.7,0,0.11,2.79,,,,,
Monster Hunter Tri,3DS,2011,Role-Playing,Nintendo,0.46,0.29,1.96,0.07,2.79,,,,,
NBA Street,PS2,2001,Sports,Electronic Arts,2.19,0.22,0,0.38,2.79,89,22,8.6,39,E
Jak II,PS2,2003,Platform,Sony Computer Entertainment,1.68,0.74,0,0.36,2.78,87,47,8.2,241,T
Ratchet & Clank: Going Commando,PS2,2003,Platform,Sony Computer Entertainment,1.44,0.83,0.26,0.25,2.78,,,,,
Killzone 3,PS3,2011,Shooter,Sony Computer Entertainment,1.46,0.86,0.09,0.38,2.78,84,85,7.9,945,M
Need for Speed: Hot Pursuit,PS3,2010,Racing,Electronic Arts,1.05,1.23,0.03,0.47,2.78,89,59,7.2,301,E10+
Skylanders: Spyros Adventure,Wii,2011,Action,Activision,1.35,1.13,0,0.3,2.78,81,11,5.6,31,E10+
Battlefield 3,PC,2011,Shooter,Electronic Arts,0.89,1.43,0,0.46,2.78,89,61,7.5,4942,M
The Sims,PS2,2003,Simulation,Electronic Arts,1.41,1.12,0,0.24,2.77,83,33,7.7,46,T
Star Wars: The Force Unleashed,X360,2008,Action,LucasArts,1.74,0.77,0,0.26,2.77,73,74,6.7,390,T
Saints Row: The Third,X360,2011,Action,THQ,1.25,1.14,0.07,0.3,2.77,84,70,7.6,492,M
Yoshis Island DS,DS,2006,Platform,Nintendo,1.45,0.07,1.1,0.15,2.76,81,42,7.4,67,E
Missile Command,2600,1980,Shooter,Atari,2.56,0.17,0,0.03,2.76,,,,,
Mario Paint,SNES,1992,Misc,Nintendo,1.43,0.54,0.71,0.07,2.75,,,,,
Tekken 6,PS3,2009,Fighting,Namco Bandai Games,1.2,0.97,0.17,0.42,2.75,79,63,7.4,214,T
Pok\xc3\xa9mon Stadium 2,N64,2000,Strategy,Nintendo,1.02,0.36,1.13,0.23,2.73,,,,,
Sonic and the Secret Rings,Wii,2007,Platform,Sega,1.21,1.19,0.04,0.29,2.73,69,44,6.6,177,E
Metroid,NES,1986,Action,Nintendo,1.33,0.31,1.04,0.05,2.73,,,,,
FIFA 16,PS3,2015,Sports,Electronic Arts,0.42,1.84,0.05,0.4,2.72,,,3.1,59,E
L.A. Noire,X360,2011,Adventure,Take-Two Interactive,1.53,0.92,0.02,0.24,2.7,89,83,7.8,895,M
The Legend of Zelda: A Link to the Past,GBA,2002,Action,Nintendo,1.75,0.52,0.33,0.1,2.7,95,30,9.1,314,E
Onimusha: Warlords,PS2,2001,Action,Virgin Interactive,0.99,0.48,1.09,0.14,2.7,86,23,8.2,56,M
Mario Party,N64,1998,Misc,Nintendo,1.25,0.53,0.87,0.05,2.7,,,,,
Call of Duty 3,X360,2006,Shooter,Activision,1.49,0.92,0.02,0.27,2.7,82,71,6.5,233,T
Madden NFL 12,X360,2011,Sports,Electronic Arts,2.42,0.11,0,0.16,2.7,78,55,5.9,94,E
LEGO Star Wars II: The Original Trilogy,PS2,2006,Action,LucasArts,1.85,0.64,0.01,0.19,2.69,84,32,9,43,E10+
Killzone: Shadow Fall,PS4,2013,Shooter,Sony Computer Entertainment,0.89,1.34,0.08,0.39,2.69,73,88,6.8,2113,M
Madden NFL 11,X360,2010,Sports,Electronic Arts,2.38,0.12,0,0.18,2.69,84,47,5.7,120,E
Yokai Watch 2 Shinuchi,3DS,2014,Role-Playing,Level 5,0,0,2.68,0,2.68,,,,,
Burnout 3: Takedown,PS2,2004,Racing,Electronic Arts,1.23,1.11,0,0.34,2.68,93,52,9.1,272,T
Professor Layton and the Last Specter,DS,2009,Puzzle,Nintendo,0.28,1.39,0.68,0.33,2.67,83,58,8.6,53,E10+
Mortal Kombat,GEN,1992,Fighting,Arena Entertainment,1.95,0.63,0,0.09,2.67,,,,,
Mario vs. Donkey Kong: Mini-Land Mayhem!,DS,2010,Puzzle,Nintendo,1.63,0.51,0.35,0.18,2.67,79,51,7.7,18,E
Call Of Duty 2: Big Red One,PS2,2005,Shooter,Activision,1.48,0.92,0.01,0.26,2.67,77,39,8.2,70,T
Medal of Honor,PS,1998,Shooter,Electronic Arts,1.44,1.09,0,0.14,2.67,92,17,8.6,81,T
Skate 3,X360,2010,Sports,Electronic Arts,1.47,0.95,0,0.24,2.66,80,65,8,128,T
Fable,X,2004,Role-Playing,Microsoft Game Studios,1.99,0.58,0,0.09,2.66,85,87,8.5,270,M
Guitar Hero: World Tour,X360,2008,Misc,Activision,1.78,0.63,0,0.25,2.66,85,67,6.3,172,T
Hannah Montana,DS,2006,Action,Disney Interactive Studios,1.59,0.8,0,0.26,2.65,,,6.7,10,E
Tom Clancys Splinter Cell,PS2,2003,Action,Ubisoft,1.15,1.11,0,0.4,2.65,89,24,7.7,103,T
Super Mario Bros.: The Lost Levels,NES,1986,Platform,Nintendo,0,0,2.65,0,2.65,,,,,
Need for Speed: Shift,PS3,2009,Racing,Electronic Arts,0.69,1.4,0.04,0.52,2.65,84,55,6.9,114,E
Star Wars: Shadows of the Empire,N64,1996,Action,Nintendo,2,0.5,0.12,0.03,2.65,,,,,
Medal of Honor Heroes,PSP,2006,Shooter,Electronic Arts,0.86,1.11,0.01,0.66,2.65,71,24,7.9,47,T
Final Fantasy XIII-2,PS3,2011,Role-Playing,Square Enix,0.78,0.73,0.89,0.23,2.63,79,53,6.6,713,T
Midnight Club: Street Racing,PS2,2000,Racing,Take-Two Interactive,2,0.47,0.02,0.14,2.63,78,18,7.8,21,T
Halo Wars,X360,2009,Strategy,Microsoft Game Studios,1.55,0.8,0.04,0.25,2.63,82,92,7.2,457,T
NBA 2K12,X360,2011,Sports,Take-Two Interactive,2.32,0.14,0.01,0.16,2.63,90,42,7.7,134,E
ESPN NFL 2K5,PS2,2004,Sports,Sega,2.15,0.12,0,0.36,2.62,90,37,8.2,84,E
FIFA Soccer 10,X360,2009,Sports,Electronic Arts,0.59,1.79,0.01,0.23,2.62,90,63,7.5,133,E
Medal of Honor,X360,2010,Shooter,Electronic Arts,1.56,0.8,0.04,0.21,2.62,74,71,6.7,288,M
Pac-Man: Adventures in Time,PSP,2006,Fighting,Sony Computer Entertainment,0.76,1.09,0.12,0.64,2.62,,,,,
Harry Potter and the Chamber of Secrets,PS2,2002,Action,Electronic Arts,0.9,1.22,0.04,0.44,2.61,71,16,7.5,50,E
Streets of Rage,GEN,1990,Action,Sega,1.86,0.55,0.11,0.08,2.6,,,,,
God of War Collection,PS3,2009,Action,Sony Computer Entertainment,1.7,0.44,0.06,0.4,2.6,91,50,8.7,531,M
LEGO Star Wars: The Complete Saga,X360,2007,Action,LucasArts,1.53,0.82,0,0.24,2.59,80,24,7.4,116,E10+
NBA Live 2005,PS2,2004,Sports,Electronic Arts,2.03,0.21,0,0.35,2.59,84,21,8.1,44,E
FIFA Soccer 09,PS3,2008,Sports,Electronic Arts,0.49,1.63,0.04,0.43,2.59,87,42,7.5,108,E
Mario Strikers Charged,Wii,2007,Sports,Nintendo,1.05,1.05,0.24,0.24,2.58,79,47,8,124,E10+
Style Savvy,DS,2008,Simulation,Nintendo,0.62,0.82,0.96,0.18,2.58,73,4,7.7,7,E
Super Mario All-Stars: Limited Edition,Wii,2010,Platform,Nintendo,1.01,0.52,0.92,0.14,2.58,,,,,
WWE SmackDown vs. RAW 2007,PS2,2006,Fighting,THQ,1.4,0.88,0.03,0.26,2.58,80,27,8.6,57,T
Bloodborne,PS4,2015,Action,Sony Computer Entertainment,1.08,0.84,0.26,0.39,2.58,92,100,8.6,6432,M
Ratchet & Clank: Up Your Arsenal,PS2,2004,Platform,Sony Computer Entertainment,1.31,0.74,0.31,0.22,2.57,,,,,
Madden NFL 08,PS2,2007,Sports,Electronic Arts,2.14,0.08,0,0.35,2.57,78,11,7.8,17,E
Overwatch,PS4,2016,Shooter,Activision,0.99,1.03,0.16,0.4,2.57,90,31,6.1,1408,T
Monster Hunter Freedom 2,PSP,2007,Role-Playing,Capcom,0.37,0.27,1.75,0.18,2.57,72,38,8.7,83,T
Madden NFL 13,PS3,2012,Sports,Electronic Arts,2.12,0.22,0,0.23,2.57,83,22,5.5,101,E
Ghostbusters: The Video Game (DS Version),X360,2009,Action,Take-Two Interactive,1.05,1.22,0.03,0.27,2.57,,,,,
Ratchet & Clank Future: Tools of Destruction,PS3,2007,Platform,Sony Computer Entertainment,0.93,1.1,0.08,0.45,2.56,,,,,
Sonic Adventure 2 Battle,GC,2001,Platform,Sega,1.7,0.59,0.21,0.07,2.56,73,28,8.3,181,E
Dragon Warrior II,NES,1987,Role-Playing,Enix Corporation,0.15,0,2.41,0,2.56,,,,,
Dragon Age: Origins,X360,2009,Role-Playing,Electronic Arts,1.76,0.55,0.03,0.22,2.56,86,68,7.9,726,M
LittleBigPlanet,PSP,2009,Platform,Sony Computer Entertainment,0.64,1.22,0.01,0.67,2.55,87,68,7.8,98,E10+
Pok\xc3\xa9mon Colosseum,GC,2003,Role-Playing,Nintendo,1.21,0.57,0.7,0.07,2.54,73,37,8,92,E
Madden NFL 09,X360,2008,Sports,Electronic Arts,2.21,0.12,0,0.2,2.53,83,50,7,125,E
Space Invaders,2600,1978,Shooter,Atari,2.36,0.14,0,0.03,2.53,,,,,
Skylanders Giants,Wii,2012,Action,Activision,1.49,0.83,0,0.21,2.53,78,8,7,20,E10+
NBA 2K14,X360,2013,Sports,Take-Two Interactive,2.1,0.19,0,0.23,2.52,87,23,4.9,150,E
Art Academy,DS,2010,Misc,Nintendo,0.26,1.65,0.33,0.28,2.52,75,15,8,5,E
Crazy Taxi,PS2,2001,Racing,Acclaim Entertainment,1.13,1.12,0.06,0.22,2.52,80,15,7.8,48,T
Perfect Dark,N64,2000,Action,Nintendo,1.55,0.75,0.16,0.06,2.52,,,,,
Dragon Warrior,NES,1986,Role-Playing,Capcom,0.49,0,0.52,1.51,2.52,,,,,
Need for Speed (2015),PS4,2015,Racing,Electronic Arts,0.52,1.55,0.05,0.38,2.51,,,,,
Deca Sports,Wii,2008,Sports,Konami Digital Entertainment,1.11,0.85,0.29,0.25,2.5,50,23,5.4,16,E
PES 2009: Pro Evolution Soccer,PS2,2008,Sports,Konami Digital Entertainment,0.13,0.07,0.26,2.05,2.5,,,,,
Mario Party 2,N64,1999,Misc,Nintendo,1.28,0.14,1.08,0.01,2.5,,,,,
Marvel: Ultimate Alliance,X360,2006,Role-Playing,Activision,2.29,0.02,0,0.19,2.5,82,68,7.5,123,T
Rockstar Games Double Pack: Grand Theft Auto III & Grand Theft Auto Vice City,X,2003,Action,Take-Two Interactive,1.84,0.56,0,0.09,2.49,,,,,
Mortal Kombat: Deadly Alliance,PS2,2002,Fighting,Midway Games,1.81,0.52,0,0.15,2.49,79,31,8.8,96,M
Game Party,Wii,2007,Misc,Midway Games,1.47,0.77,0,0.24,2.48,25,8,4.3,26,E
Tomb Raider: The Last Revelation,PS,1998,Action,Eidos Interactive,1.15,1.14,0.06,0.13,2.48,,,,,
Mario Party 4,GC,2002,Misc,Nintendo,1.13,0.36,0.92,0.07,2.47,70,26,7.5,76,E
Pure,X360,2008,Racing,Disney Interactive Studios,1.38,0.84,0,0.25,2.47,85,55,7.7,84,E
Rock Band,X360,2007,Misc,Electronic Arts,1.93,0.33,0,0.21,2.47,92,72,8.2,178,T
NBA 2K13,PS3,2012,Sports,Take-Two Interactive,1.73,0.43,0.05,0.27,2.47,90,26,8,100,E
Saints Row: The Third,PS3,2011,Action,THQ,0.86,1.04,0.18,0.38,2.47,82,50,7.7,386,M
Resistance 2,PS3,2008,Shooter,Sony Computer Entertainment,1.15,0.84,0.1,0.38,2.47,87,79,6.1,1890,M
NBA 2K15,PS4,2014,Sports,Take-Two Interactive,1.47,0.54,0.01,0.43,2.46,83,50,6.9,294,E
Midnight Club: Los Angeles,PS3,2008,Racing,Take-Two Interactive,1.56,0.53,0.05,0.31,2.46,82,50,8.2,102,T
Final Fantasy Tactics,PS,1997,Role-Playing,SquareSoft,0.93,0.12,1.34,0.06,2.45,83,12,8.2,190,T
Final Fantasy V,SNES,1992,Role-Playing,SquareSoft,0,0,2.43,0.02,2.45,,,,,
Twisted Metal 2,PS,1996,Racing,Sony Computer Entertainment,2.12,0.25,0,0.07,2.44,,,,,
LEGO Harry Potter: Years 1-4,Wii,2010,Action,Warner Bros. Interactive Entertainment,1.28,0.93,0,0.22,2.43,79,13,8,34,E10+
The Sims: Bustin Out,PS2,2003,Simulation,Electronic Arts,1.07,1.19,0,0.18,2.43,81,26,8.4,42,T
Madden NFL 16,XOne,2015,Sports,Electronic Arts,2.09,0.08,0,0.26,2.43,84,23,6.1,125,E
Riven: The Sequel to Myst,PC,1997,Adventure,Red Or,1.52,0.82,0,0.1,2.43,83,12,,,E
uDraw Studio,Wii,2010,Misc,THQ,1.65,0.57,0,0.2,2.42,71,9,,,E
Sonic Adventure,DC,1998,Platform,Sega,1.26,0.61,0.46,0.08,2.42,,,,,
Ice Hockey,NES,1988,Sports,Nintendo,1.27,0.32,0.78,0.05,2.42,,,,,
Tom Clancys Rainbow Six: Vegas 2,X360,2008,Shooter,Ubisoft,1.56,0.6,0.02,0.23,2.42,82,66,7.8,176,M
Tomb Raider (2013),PS3,2013,Action,Square Enix,0.6,1.26,0.08,0.48,2.42,,,,,
Need for Speed Carbon: Own the City,PSP,2006,Racing,Electronic Arts,0.87,0.97,0,0.58,2.42,73,14,7.9,39,E10+
Dragon Ball Z: Budokai 2,PS2,2003,Fighting,Atari,1.63,0.22,0.51,0.06,2.41,66,28,8.2,92,T
pro evolution soccer 2011,PS3,2010,Sports,Konami Digital Entertainment,0.29,1.17,0.54,0.41,2.41,77,40,6.8,85,E
ATV Offroad Fury,PS2,2001,Racing,Sony Computer Entertainment,2.07,0.26,0,0.08,2.41,82,16,8.4,53,E
Dino Crisis,PS,1998,Action,Capcom,0.81,0.76,0.7,0.14,2.41,,,,,
Need for Speed: ProStreet,PS2,2007,Racing,Electronic Arts,0.69,0,0.04,1.68,2.41,62,11,6.2,34,E10+
Halo: Combat Evolved Anniversary,X360,2011,Shooter,Microsoft Game Studios,1.44,0.7,0.04,0.22,2.4,82,73,8.1,488,M
Tetris Plus,PS,1996,Puzzle,JVC,2.1,0.24,0,0.07,2.4,,,,,
Pro Wrestling,NES,1987,Fighting,Nintendo,0.77,0.18,1.42,0.03,2.4,,,,,
Theme Hospital,PC,1997,Strategy,Electronic Arts,2.3,0.1,0,0,2.4,,,9,92,K-A
Froggers Adventures: Temple of the Frog,GBA,2001,Adventure,Konami Digital Entertainment,2.15,0.18,0,0.07,2.39,73,4,,,E
Madden NFL 11,PS3,2010,Sports,Electronic Arts,2.05,0.15,0,0.2,2.39,83,36,6.1,68,E
Monopoly,PC,1994,Misc,Hasbro Interactive,1.49,0.81,0,0.1,2.39,,,,,
NBA 2K17,PS4,2016,Sports,Take-Two Interactive,1.57,0.37,0.02,0.43,2.39,88,47,6.6,174,E
Guitar Hero,PS2,2005,Misc,RedOctane,1.67,0.61,0.03,0.07,2.38,91,65,8.7,173,T
WCW/nWo Revenge,N64,1998,Fighting,THQ,1.94,0.39,0.03,0.02,2.38,,,,,
The Legend of Zelda: Majoras Mask 3D,3DS,2015,Action,Nintendo,1.16,0.57,0.47,0.17,2.38,89,82,9,483,E10+
Far Cry: Primal,PS4,2016,Action,Ubisoft,0.63,1.32,0.07,0.37,2.38,76,91,6.3,648,M
Yu-Gi-Oh! The Duelists of the Roses,PS2,2001,Misc,Konami Digital Entertainment,1.16,0.91,0,0.3,2.38,,,,,
Dead Island,X360,2011,Action,Deep Silver,1.48,0.69,0,0.2,2.37,71,75,6.9,632,M
Half-Life 2,PC,2004,Shooter,Vivendi Games,2.28,0.02,0.08,0,2.37,96,81,9.2,8702,M
The Incredibles,PS2,2004,Action,THQ,0.96,1.08,0.04,0.3,2.37,62,36,7.6,22,T
Zumba Fitness,X360,2010,Sports,505 Games,1.74,0.45,0,0.18,2.37,42,10,5.5,16,E
Madden NFL 08,X360,2007,Sports,Electronic Arts,2.18,0.01,0,0.18,2.37,85,46,6.4,109,E
Tony Hawks Underground 2,PS2,2004,Sports,Activision,1.25,0.86,0.01,0.26,2.37,83,59,8.8,55,T
NBA 2K16,XOne,2015,Sports,Take-Two Interactive,1.98,0.15,0,0.25,2.37,86,14,6.2,117,E10+
Madden NFL 10,PS3,2009,Sports,Electronic Arts,2.03,0.13,0,0.21,2.37,85,41,6.8,58,E
Kirbys Dream Land 2,G,1995,Platform,Nintendo,0.69,0.14,1.48,0.05,2.36,,,,,
Midnight Club: Los Angeles,X360,2008,Racing,Take-Two Interactive,1.69,0.45,0.01,0.21,2.36,81,66,8.5,142,T
Donkey Kong Land II,G,1996,Platform,Nintendo,1.39,0.48,0.4,0.08,2.35,,,,,
Dragon Warrior Monsters,G,1998,Role-Playing,Eidos Interactive,0,0,2.34,0.01,2.35,,,,,
Kinect: Disneyland Adventures,X360,2011,Misc,Microsoft Game Studios,1.73,0.43,0.02,0.17,2.35,73,33,2.9,67,E10+
Guild Wars 2,PC,2012,Action,NCSoft,0.97,1.09,0,0.28,2.34,90,69,7.9,2958,T
WWE SmackDown vs Raw 2008,PS2,2007,Fighting,THQ,0.92,0,0.01,1.41,2.34,71,11,7.2,31,T
LEGO Indiana Jones: The Original Adventures,Wii,2008,Action,LucasArts,1.51,0.61,0,0.21,2.34,78,22,6.6,28,E10+
Resident Evil - Code: Veronica X,PS2,2001,Action,Capcom,1.08,0.7,0.34,0.21,2.34,84,21,8.4,191,M
Kinect Sports: Season Two,X360,2011,Sports,Microsoft Game Studios,1.38,0.72,0.02,0.22,2.34,66,46,6.5,39,E
Paper Mario: Sticker Star,3DS,2012,Role-Playing,Nintendo,1.12,0.43,0.64,0.14,2.33,75,69,5.6,385,E
Madden NFL 17,PS4,2016,Sports,Electronic Arts,1.65,0.25,0,0.43,2.33,82,35,4.6,93,E
My Fitness Coach,Wii,2008,Sports,Ubisoft,1.18,0.9,0,0.24,2.32,,,8.6,16,E
Mario Tennis,N64,2000,Sports,Nintendo,0.78,0.4,1.06,0.07,2.32,,,,,
Grand Theft Auto,PS,1997,Action,Take-Two Interactive,0.79,1.35,0.04,0.14,2.32,,,,,
James Bond 007: Everything or Nothing,PS2,2004,Shooter,Electronic Arts,0.85,1.06,0.09,0.32,2.31,84,42,9.1,51,T
Need For Speed: High Stakes,PS,1999,Racing,Electronic Arts,1.58,0.64,0,0.09,2.31,86,14,8.5,28,E
Chrono Trigger,SNES,1995,Role-Playing,SquareSoft,0.28,0,2.02,0.01,2.31,,,,,
Cool Boarders 3,PS,1998,Sports,989 Studios,1.65,0.46,0.1,0.1,2.31,,,,,
Tom Clancys The Division,XOne,2016,Shooter,Ubisoft,1.37,0.72,0,0.21,2.3,80,33,6.9,621,M
Batman: Arkham Origins,PS3,2013,Action,Warner Bros. Interactive Entertainment,1.08,0.8,0.04,0.38,2.3,76,46,7.7,671,T
WarioWare Touched!,DS,2004,Puzzle,Nintendo,0.51,0.45,1.21,0.13,2.3,,,,,
Yokai Watch Busters,3DS,2015,Action,Level 5,0,0,2.29,0,2.29,,,,,
LEGO Star Wars: The Complete Saga,PS3,2007,Action,LucasArts,1.02,0.91,0,0.36,2.29,80,18,6.7,87,E10+
Tomb Raider II,PC,1997,Action,Eidos Interactive,0.91,1.25,0,0.13,2.29,,,8.2,39,
Need for Speed Underground 2,X,2004,Racing,Electronic Arts,1.38,0.8,0,0.1,2.28,77,35,8.7,27,E
LEGO Harry Potter: Years 1-4,DS,2010,Action,Warner Bros. Interactive Entertainment,1.07,0.99,0,0.22,2.28,72,7,7.2,6,E10+
Pro Evolution Soccer 2010,PS3,2009,Sports,Konami Digital Entertainment,0.3,1.27,0.46,0.26,2.28,78,42,6.7,76,E
Tom Clancys Rainbow Six: Siege,PS4,2015,Shooter,Ubisoft,0.58,1.21,0.15,0.34,2.28,73,40,7.3,490,M
The Sims 3,X360,2010,Simulation,Electronic Arts,1.27,0.81,0,0.2,2.28,76,42,7.2,72,T
Mario Bros.,NES,1983,Platform,Nintendo,0.51,0.12,1.63,0.02,2.28,,,,,
FIFA Soccer 09,PS2,2008,Sports,Electronic Arts,0.38,0.07,0.01,1.82,2.28,82,8,6.9,20,E
Pokemon Ranger: Shadows of Almia,DS,2008,Role-Playing,Nintendo,0.94,0.54,0.62,0.18,2.28,68,24,8.2,27,E
TOCA Touring Car Championship,PS,1997,Racing,Codemasters,0.07,2,0.02,0.18,2.28,,,,,
Sonics Ultimate Genesis Collection,PS3,2009,Misc,Sega,1.35,0.6,0,0.31,2.27,80,35,8.6,43,E10+
Dead Island,PS3,2011,Action,Deep Silver,1.08,0.73,0.15,0.31,2.27,71,41,6.6,409,M
Kirby: Nightmare in Dream Land,GBA,2002,Platform,Nintendo,1.22,0.1,0.91,0.04,2.27,81,24,8.9,55,E
Wario Land 4,GBA,2001,Platform,Nintendo,0.9,0.73,0.54,0.09,2.26,88,17,8.9,42,E
Madden NFL 25,X360,2013,Sports,Electronic Arts,2.01,0.06,0,0.19,2.26,80,32,5.6,136,E
Yokai Watch,3DS,2013,Role-Playing,Nintendo,0.28,0.58,1.33,0.07,2.26,,,,,
Gears of War 4,XOne,2016,Shooter,Microsoft Game Studios,1.45,0.59,0,0.21,2.26,84,98,6.3,848,M
Forza Motorsport 5,XOne,2013,Racing,Microsoft Game Studios,1.26,0.79,0.01,0.2,2.25,79,76,5.9,1096,E
Onimusha 2: Samurais Destiny,PS2,2002,Adventure,Capcom,0.62,0.44,1.06,0.13,2.25,84,31,9,52,M
Madden NFL 12,PS3,2011,Sports,Electronic Arts,1.93,0.15,0,0.17,2.25,79,31,5.5,56,E
Cool Boarders 2,PS,1997,Sports,UEP Systems,1.52,0.46,0.2,0.08,2.25,,,,,
Paper Mario: The Thousand-Year Door,GC,2004,Role-Playing,Nintendo,1.48,0.25,0.46,0.06,2.25,87,55,9.4,311,E
LEGO Marvel Super Heroes,X360,2013,Action,Warner Bros. Interactive Entertainment,1.25,0.81,0,0.19,2.25,80,37,7.6,129,E10+
God of War: Ascension,PS3,2013,Action,Sony Computer Entertainment,1.23,0.63,0.04,0.35,2.25,80,89,7.5,916,M
Guitar Hero III: Legends of Rock,PS3,2007,Misc,Activision,1.4,0.53,0.02,0.3,2.24,83,45,7.8,52,T
Sonic Advance,GBA,2001,Platform,Sega,1.19,0.71,0.22,0.13,2.24,87,22,8.1,48,E
Assassins Creed IV: Black Flag,XOne,2013,Action,Ubisoft,1.48,0.55,0,0.21,2.24,,,7.4,356,M
Super Monkey Ball: Banana Blitz,Wii,2006,Misc,Sega,1.05,0.91,0.04,0.24,2.24,74,53,5.7,72,E
Just Dance Kids,Wii,2010,Misc,Ubisoft,1.52,0.54,0,0.18,2.24,,,,,E
Call of Duty 3,Wii,2006,Shooter,Activision,1.17,0.84,0,0.23,2.24,69,42,6.7,61,T
New Super Luigi U,WiiU,2013,Platform,Nintendo,1.25,0.62,0.18,0.18,2.24,77,59,7.9,288,E
Dissidia: Final Fantasy,PSP,2008,Fighting,Square Enix,0.51,0.5,0.91,0.31,2.23,79,61,8,139,T
Spyro: Season of Ice,GBA,2001,Platform,Vivendi Games,1.29,0.83,0,0.11,2.23,74,16,8,13,E
Borderlands 2,PS3,2012,Shooter,Take-Two Interactive,1.05,0.72,0.1,0.35,2.23,91,25,8.2,859,M
Teenage Mutant Ninja Turtles II: The Arcade Game,NES,1990,Action,Konami Digital Entertainment,1.74,0.25,0.21,0.03,2.23,,,,,
Dance Dance Revolution X2,PS2,2009,Simulation,Konami Digital Entertainment,1.09,0.85,0,0.28,2.23,,,,,E10+
Prince of Persia: The Sands of Time,PS2,2003,Action,Ubisoft,0.88,1.03,0,0.31,2.22,92,44,8.8,206,T
Monster Hunter Tri,Wii,2009,Role-Playing,Nintendo,0.65,0.4,1.05,0.11,2.22,84,70,8.6,220,T
The Legend of Zelda: Links Awakening DX,G,1998,Adventure,Nintendo,1,0.63,0.45,0.13,2.22,,,,,
Resident Evil 4,Wii,2007,Action,Capcom,1.32,0.56,0.14,0.2,2.22,,,,,
Star Wars: The Force Unleashed,PS3,2008,Action,LucasArts,1.01,0.85,0,0.35,2.21,71,47,6.6,235,T
Devil May Cry 3: Dantes Awakening Special Edition,PS2,2006,Action,Capcom,1.06,0.82,0.05,0.28,2.21,,,,,
Guitar Hero II,X360,2007,Misc,Activision,2.01,0.02,0,0.17,2.2,92,55,8.1,220,T
Frogger,2600,1981,Action,Parker Bros.,2.06,0.12,0,0.02,2.2,,,,,
Rock Band 2,X360,2008,Misc,Electronic Arts,1.78,0.24,0,0.18,2.2,92,69,8.3,156,T
Need for Speed: Hot Pursuit,X360,2010,Racing,Electronic Arts,1.03,0.96,0,0.21,2.2,88,73,7,207,E10+
Pro Yakyuu Family Stadium,NES,1986,Sports,Namco Bandai Games,0.15,0,2.05,0,2.2,,,,,
Wario Land 3,G,2000,Platform,Nintendo,1.11,0.51,0.34,0.23,2.2,,,,,
LEGO Indiana Jones: The Original Adventures,DS,2008,Action,Activision,1.4,0.59,0,0.2,2.2,80,15,7.9,16,E
Madden NFL 15,PS4,2014,Sports,Electronic Arts,1.55,0.25,0,0.4,2.2,81,37,6.1,209,E
BioShock 2,X360,2010,Shooter,Take-Two Interactive,1.45,0.54,0.02,0.19,2.2,88,93,8.2,575,M
High School Musical: Makin the Cut!,DS,2007,Puzzle,Disney Interactive Studios,1.06,0.9,0,0.23,2.2,,,,,
Star Wars: Knights of the Old Republic,X,2003,Role-Playing,Activision,1.68,0.44,0,0.08,2.19,94,72,9.2,317,T
Donkey Kong Country,G,2000,Platform,Nintendo,1.04,0.72,0.3,0.13,2.19,,,,,
Kirbys Pinball Land,G,1992,Misc,Nintendo,0.87,0.17,1.1,0.05,2.19,,,,,
Pro Evolution Soccer 2012,PS3,2011,Action,Konami Digital Entertainment,0.34,0.96,0.55,0.33,2.19,80,41,6.6,132,E
Saints Row,X360,2006,Action,THQ,1.17,0.77,0.02,0.22,2.18,81,74,7.5,214,M
FIFA 15,XOne,2014,Sports,Electronic Arts,0.61,1.42,0,0.16,2.18,82,33,5.4,347,E
Yu-Gi-Oh: Duel Monsters 4,G,2000,Role-Playing,Konami Digital Entertainment,0,0,2.17,0.01,2.18,,,,,
ATV Offroad Fury 2,PS2,2002,Racing,THQ,1.92,0.2,0,0.06,2.18,82,26,8.9,28,E
Mario & Luigi: Superstar Saga,GBA,2003,Role-Playing,Nintendo,1.48,0.17,0.47,0.06,2.17,,,,,
DriveClu,PS4,2014,Racing,Sony Computer Entertainment,0.36,1.47,0.02,0.33,2.17,71,85,6.1,1579,E
Star Wars: Rogue Squadron,N64,1998,Simulation,Nintendo,1.6,0.46,0.08,0.03,2.17,,,,,
Tennis,NES,1984,Sports,Nintendo,0.48,0.11,1.56,0.02,2.17,,,,,
Final Fantasy XIII,X360,2010,Role-Playing,Square Enix,1.28,0.67,0.01,0.21,2.17,82,54,6.3,543,T
Skylanders SWAP Force,Wii,2013,Platform,Activision,1.22,0.76,0,0.19,2.17,,,6.6,5,E10+
Scribblenauts,DS,2009,Puzzle,Warner Bros. Interactive Entertainment,1.67,0.3,0.02,0.18,2.16,79,72,7.6,110,E10+
The Sims: House Party,PC,2001,Simulation,Electronic Arts,1.23,0.83,0,0.1,2.16,74,17,7.9,30,T
Sonic Unleashed,Wii,2008,Platform,Sega,1.26,0.67,0.02,0.21,2.16,66,30,7.3,137,E10+
Syphon Filter 2,PS,2000,Shooter,Sony Computer Entertainment,1.5,0.55,0.02,0.08,2.15,,,,,
Pokemon Ranger,DS,2006,Role-Playing,Nintendo,1.28,0.03,0.73,0.12,2.15,69,21,7.6,50,E
Volleyball,NES,1987,Sports,Nintendo,0.14,0.03,1.98,0,2.15,,,,,
Hitman: Absolution,PS3,2012,Action,Square Enix,0.59,1.05,0.07,0.44,2.14,83,30,7.5,512,M
Dying Light,PS4,2015,Action,Warner Bros. Interactive Entertainment,1,0.68,0.12,0.35,2.14,74,58,7.9,1300,M
R.C. Pro-Am,NES,1988,Racing,Nintendo,1.47,0.38,0.19,0.1,2.14,,,,,
Mahjong,NES,1983,Misc,Nintendo,0.01,0,2.13,0,2.14,,,,,
Super Mario RPG: Legend of the Seven Stars,SNES,1996,Role-Playing,Nintendo,0.66,0,1.45,0.03,2.14,,,,,
SimCity 2000,PC,1992,Simulation,Maxis,1.2,0.84,0,0.1,2.14,,,,,
Demon Attack,2600,1981,Shooter,Imagic,1.99,0.12,0,0.02,2.13,,,,,
Call of Duty: Roads to Victory,PSP,2007,Shooter,Activision,0.52,1.02,0,0.59,2.13,64,45,7.5,30,T
Your Shape featuring Jenny McCarthy,Wii,2009,Sports,Ubisoft,1.49,0.46,0,0.18,2.13,62,5,5.2,54,E
Dance Dance Revolution Extreme,PS2,2004,Simulation,Konami Digital Entertainment,1.04,0.81,0,0.27,2.13,77,26,9,20,E
Final Fantasy Tactics Advance,GBA,2003,Role-Playing,SquareSoft,0.82,0.37,0.89,0.05,2.13,87,44,7.8,213,E
Project Gotham Racing,X,2001,Racing,Microsoft Game Studios,1.37,0.61,0.05,0.09,2.12,85,35,8.2,28,E
Golf,G,1989,Sports,Nintendo,0.83,0.33,0.92,0.04,2.12,,,,,
NBA 2K12,PS3,2011,Sports,Take-Two Interactive,1.62,0.26,0.05,0.18,2.11,90,38,6.7,127,E
Minecraft,PSV,2014,Misc,Sony Computer Entertainment Europe,0.2,0.7,0.95,0.26,2.11,,,,,
NBA 2K14,PS3,2013,Sports,Take-Two Interactive,1.44,0.31,0.04,0.32,2.11,84,26,4.9,145,E
Battlefield: Hardline,PS4,2015,Shooter,Electronic Arts,0.71,0.94,0.14,0.32,2.11,73,46,5,850,M
Tony Hawks Pro Skater,N64,2000,Sports,Activision,1.68,0.4,0,0.03,2.11,,,,,
Need for Speed: Hot Pursuit 2,PS2,2002,Racing,Electronic Arts,1.68,0.31,0.02,0.09,2.11,89,31,8.5,93,E
PES 2009: Pro Evolution Soccer,PS3,2008,Sports,Konami Digital Entertainment,0.11,1.33,0.4,0.26,2.11,,,,,
Dynasty Warriors 4,PS2,2003,Action,Tecmo Koei,0.63,0.21,1.13,0.13,2.11,78,24,9.3,201,T
Mortal Kombat,X360,2011,Fighting,Warner Bros. Interactive Entertainment,1.64,0.31,0,0.16,2.11,86,66,8.3,384,M
Mario & Luigi: Dream Team,3DS,2013,Role-Playing,Nintendo,0.89,0.61,0.47,0.14,2.1,,,,,
Parasite Eve,PS,1998,Role-Playing,SquareSoft,0.94,0.07,1.05,0.04,2.1,81,17,8.9,89,M
Tetris DS,DS,2006,Puzzle,Nintendo,0.63,0.05,1.35,0.08,2.1,84,56,8.7,44,E
NBA 2K11,X360,2010,Action,Take-Two Interactive,1.85,0.12,0.01,0.13,2.1,89,50,8.1,100,E
Borderlands,PS3,2009,Shooter,Take-Two Interactive,1.21,0.6,0,0.29,2.1,83,58,7.9,429,M
Project Gotham Racing (JP weekly sales),X,2002,Action,Microsoft Game Studios,1.54,0.44,0.04,0.07,2.1,,,,,
Scooby-Doo! Night of 100 Frights,PS2,2002,Platform,THQ,1.17,0.72,0,0.22,2.1,,,,,
Devil May Cry 3: Dantes Awakening,PS2,2005,Action,Capcom,0.99,0.63,0.29,0.19,2.09,84,60,9,213,M
Derby Stallion,PS,1997,Sports,ASCII Entertainment,0,0,1.96,0.14,2.09,,,,,
Finding Nemo,PS2,2003,Action,THQ,1.26,0.6,0.05,0.18,2.09,,,,,
Dead Rising,X360,2006,Action,Capcom,1.16,0.64,0.08,0.2,2.08,85,82,7.6,521,M
World of Warcraft: Cataclysm,PC,2010,Role-Playing,Activision,1.77,0.32,0,0,2.08,90,53,5.5,956,T
Tetris Worlds,PS2,2002,Puzzle,THQ,1.11,0.71,0,0.27,2.08,44,7,6.2,11,E
Final Fantasy III,DS,2006,Role-Playing,Square Enix,0.89,0.04,1.07,0.09,2.08,77,45,7.1,137,E10+
Sim Theme Park,PC,1998,Strategy,Electronic Arts,2.04,0.04,0,0,2.08,,,8,15,E
Madden NFL 15,X360,2014,Sports,Electronic Arts,1.8,0.06,0,0.22,2.08,,,5.5,29,E
Mario Party 5,GC,2003,Misc,Nintendo,0.97,0.33,0.73,0.06,2.08,69,33,8.2,59,E
Rock Band,Wii,2008,Misc,MTV Games,1.33,0.56,0,0.2,2.08,80,21,6.3,37,T
Warcraft: Orcs & Humans,PC,1994,Strategy,Activision,0.89,1.08,0,0.11,2.08,,,,,
Portal 2,X360,2011,Shooter,Valve Software,1.41,0.49,0.01,0.17,2.08,95,66,8.5,1000,E10+
Mario Sports Mix,Wii,2010,Sports,Nintendo,0.88,0.44,0.63,0.12,2.08,64,54,7.1,34,E
Need for Speed: Most Wanted 5-1-0,PSP,2005,Racing,Electronic Arts,1.77,0.12,0.02,0.17,2.07,72,21,7.8,54,E10+
Spec Ops: Airborne Commando,PS,2002,Shooter,Take-Two Interactive,1.54,0.46,0,0.08,2.07,,,,,
The Sims 2: Pets,DS,2006,Simulation,Electronic Arts,0.92,0.93,0,0.22,2.07,49,5,5,25,E
Dance Dance Revolution: Hottest Party,Wii,2007,Simulation,Konami Digital Entertainment,1.35,0.52,0,0.19,2.07,73,16,7.1,27,E10+
Mafia III,PS4,2016,Action,Take-Two Interactive,0.48,1.24,0.03,0.32,2.07,68,66,5.1,1194,M
Yu-Gi-Oh! The Eternal Duelist Soul,GBA,2001,Strategy,Konami Digital Entertainment,1.64,0.36,0,0.07,2.07,,,,,
UFC 2009 Undisputed,X360,2009,Fighting,THQ,1.48,0.39,0,0.19,2.06,83,68,7.9,51,T
Metal Gear Solid: Peace Walker,PSP,2010,Action,Konami Digital Entertainment,0.46,0.41,0.96,0.24,2.06,89,66,8.9,445,T
Kirbys Epic Yarn,Wii,2010,Platform,Nintendo,1.42,0.09,0.45,0.1,2.06,86,70,8.6,206,E
Wipeout: The Game,Wii,2009,Misc,Mindscape,1.94,0,0,0.12,2.06,,,5.3,18,E10+
Pokemon Mystery Dungeon: Red/Blue Rescue Team,GBA,2005,Role-Playing,Nintendo,0.71,0.52,0.74,0.08,2.06,,,,,
The Incredibles,GBA,2004,Action,THQ,1.15,0.77,0.04,0.1,2.06,55,13,,,E
Ghostbusters: The Video Game (DS Version),PS3,2010,Action,Take-Two Interactive,0.6,0.96,0.13,0.36,2.06,,,,,
Kingdom Hearts: Birth by Sleep,PSP,2010,Role-Playing,Square Enix,0.63,0.41,0.75,0.26,2.06,82,62,8.5,210,E10+
R4: Ridge Racer Type 4,PS,1998,Racing,Namco Bandai Games,0.68,0.46,0.79,0.13,2.06,88,18,9.2,21,
Tom Clancys Splinter Cell: Conviction,X360,2010,Action,Ubisoft,1.2,0.62,0.04,0.19,2.06,85,90,7.7,589,M
SoulCalibur II,PS2,2003,Fighting,Namco Bandai Games,1.06,0.62,0.13,0.25,2.06,92,41,8.8,120,T
Need for Speed: ProStreet,X360,2007,Racing,Electronic Arts,1.04,0.79,0.01,0.21,2.05,72,42,7.1,78,E10+
Sonic Mega Collection,GC,2002,Misc,Infogrames,1.47,0.48,0.05,0.06,2.05,75,26,8.8,41,E
Need For Speed: Undercover,PS3,2008,Racing,Electronic Arts,0.63,1,0.05,0.38,2.05,59,40,5.9,72,T
Toy Story 3: The Video Game,DS,2010,Action,Disney Interactive Studios,0.89,0.94,0.02,0.21,2.05,,,,,
NBA Jam,GEN,1992,Sports,Arena Entertainment,1.75,0.25,0,0.05,2.05,,,,,
Call of Duty 2,X360,2005,Shooter,Activision,1.84,0.04,0.01,0.16,2.05,89,65,8.1,310,T
Mario Party: Island Tour,3DS,2013,Misc,Nintendo,0.64,0.73,0.55,0.12,2.05,57,47,6.2,118,E
SOCOM: U.S. Navy SEALs: Combined Assault,PS2,2006,Shooter,Sony Computer Entertainment,1.74,0.02,0,0.28,2.04,72,38,9,34,T
Peter Jacksons King Kong: The Official Game of the Movie,PS2,2005,Action,Ubisoft,0.71,1.02,0,0.31,2.04,82,41,8.2,69,T
Watch Dogs 2,PS4,2016,Action,Ubisoft,0.56,1.1,0.07,0.31,2.04,82,94,7.9,723,M
Need for Speed: ProStreet,PS3,2007,Racing,Electronic Arts,0.73,0.91,0.04,0.36,2.04,73,26,6,43,E10+
Donkey Kong Country,GBA,2003,Platform,Nintendo,1.2,0.48,0.29,0.07,2.04,78,26,8.9,53,E
Dance Central 2,X360,2011,Misc,Microsoft Game Studios,1.45,0.41,0.01,0.16,2.04,86,56,8.2,63,T
PGR4 - Project Gotham Racing 4,X360,2007,Racing,Microsoft Game Studios,0.48,1.28,0.02,0.25,2.04,,,,,
Battlefield 4,XOne,2013,Shooter,Electronic Arts,1.27,0.58,0,0.19,2.03,81,5,6.6,482,M
Carnival Games,DS,2008,Misc,Take-Two Interactive,1.22,0.63,0,0.19,2.03,48,11,3.3,4,E
1080\xc2\xb0: TenEighty Snowboarding,N64,1998,Sports,Nintendo,1.25,0.61,0.13,0.05,2.03,,,,,
Fire Emblem: Awakening,3DS,2012,Role-Playing,Nintendo,0.9,0.45,0.54,0.13,2.03,92,72,9.1,1139,T
NBA Live 2004,PS2,2003,Sports,Electronic Arts,1.57,0.18,0,0.27,2.03,86,19,7.7,41,E
Rayman Raving Rabbids: TV Party,Wii,2008,Misc,Ubisoft,0.72,1.08,0,0.23,2.03,73,24,7.7,29,E10+
Pok\xc3\xa9mon Mystery Dungeon: Blue Rescue Team,DS,2005,Role-Playing,Nintendo,1.15,0.04,0.83,0,2.02,62,34,8.1,99,E
Just Dance 2015,Wii,2014,Misc,Ubisoft,1,0.85,0,0.17,2.02,,,8.4,5,E10+
Dark Souls,PS3,2011,Role-Playing,Namco Bandai Games,0.75,0.51,0.54,0.22,2.02,89,54,8.7,1410,M
Just Dance 3,X360,2011,Misc,Ubisoft,1.47,0.39,0,0.16,2.02,70,34,7.7,17,E10+
Dragon Age: Inquisition,PS4,2014,Role-Playing,Electronic Arts,0.73,0.88,0.08,0.32,2.01,89,43,7.4,2005,M
Need for Speed: The Run,PS3,2011,Action,Electronic Arts,0.58,1.04,0.03,0.36,2.01,64,48,6.4,183,T
Mortal Kombat vs. DC Universe,PS3,2008,Fighting,Midway Games,1.49,0.28,0,0.23,2.01,76,44,7,108,T
Super Street Fighter II,SNES,1993,Fighting,Nintendo,0.52,0.16,1.29,0.03,2,,,,,
Dead Space,PS3,2008,Action,Electronic Arts,1.05,0.66,0,0.29,2,88,67,8.8,553,M
TouchMaster,DS,2007,Puzzle,Midway Games,0.48,1.27,0,0.24,2,71,19,5.7,9,E10+
Skate 3,PS3,2010,Sports,Electronic Arts,0.79,0.89,0,0.32,1.99,80,46,7.6,82,T
Tenchu: Stealth Assassins,PS,1997,Action,Activision,0.95,0.64,0.27,0.13,1.99,87,14,8.8,46,M
Tennis,G,1989,Sports,Nintendo,0.75,0.3,0.9,0.04,1.99,,,,,
Harry Potter and the Chamber of Secrets,GBA,2002,Action,Electronic Arts,1.21,0.64,0.05,0.09,1.99,76,11,7.9,15,E
Kingdom Hearts 358/2 Days,DS,2009,Role-Playing,Square Enix,1.06,0.26,0.53,0.13,1.98,75,53,7.8,164,E10+
Need for Speed Rivals,PS4,2013,Racing,Electronic Arts,0.73,0.92,0.03,0.3,1.98,80,53,6.2,675,E10+
SimCity,SNES,1991,Simulation,Nintendo,0.93,0.27,0.75,0.04,1.98,,,,,
Harry Potter and the Chamber of Secrets,PS,2002,Action,Electronic Arts,0.75,1.09,0.02,0.12,1.98,,,8.5,34,E
Spyro: Enter the Dragonfly,PS2,2002,Platform,Universal Interactive,0.74,0.95,0,0.28,1.97,56,20,4.1,95,E
Devil May Cry 2,PS2,2003,Action,Capcom,0.71,0.58,0.51,0.17,1.97,68,40,6.6,167,M
E.T.: The Extra Terrestrial,2600,1981,Action,Atari,1.84,0.11,0,0.02,1.97,,,,,
Hot Shots Golf: Open Tee,PSP,2004,Sports,Sony Computer Entertainment,0.5,0.5,0.63,0.33,1.96,81,57,8.7,34,E10+
Soccer,NES,1985,Sports,Nintendo,0.18,0.23,1.53,0.02,1.96,,,,,
Rad Racer,NES,1986,Racing,Nintendo,1.13,0.37,0.41,0.05,1.96,,,,,
Resident Evil 6,X360,2012,Shooter,Capcom,1.12,0.6,0.07,0.16,1.96,67,71,5,1409,M
Forza Horizon,X360,2012,Racing,Microsoft Game Studios,0.82,0.93,0.04,0.18,1.96,85,83,8.4,434,T
Tom Clancys Rainbow Six: Vegas,X360,2006,Shooter,Ubisoft,1.09,0.65,0.02,0.2,1.95,88,69,8.3,225,M
Crash Nitro Kart,PS2,2003,Racing,Vivendi Games,0.74,1.01,0,0.2,1.95,69,24,7.7,61,E
Grand Theft Auto: San Andreas,X,2005,Action,Take-Two Interactive,1.26,0.61,0,0.09,1.95,93,58,8.7,119,AO
Star Wars: Dark Forces,PC,1994,Shooter,LucasArts,1.09,0.77,0,0.09,1.95,,,7.7,29,T
NBA Street Vol. 2,PS2,2003,Sports,Electronic Arts,1.69,0.2,0,0.06,1.95,90,31,8.8,70,E
Def Jam Vendetta,PS2,2003,Fighting,Electronic Arts,0.95,0.74,0,0.25,1.94,80,33,8.9,42,T
Kirby Squeak Squad,DS,2006,Platform,Nintendo,0.78,0.02,1.05,0.08,1.94,71,29,8,43,E
Burnout Paradise,PS3,2008,Racing,Electronic Arts,1.01,0.62,0.02,0.29,1.94,87,55,7.7,457,E10+
Who wants to be a millionaire,PC,1999,Misc,Disney Interactive Studios,1.94,0,0,0,1.94,,,,,E
Mortal Kombat vs. DC Universe,X360,2008,Fighting,Midway Games,1.54,0.23,0,0.16,1.94,72,61,7.5,87,T
The Sims 3,PS3,2010,Simulation,Electronic Arts,0.73,0.89,0.02,0.3,1.94,78,39,6.4,55,T
Alleyway,G,1989,Puzzle,Nintendo,0.96,0.38,0.55,0.05,1.94,,,,,
Scooby Doo and the Cyber Chase,PS,2001,Adventure,THQ,0.59,1.23,0,0.13,1.94,,,7.4,10,E
Destiny: The Taken King,PS4,2015,Shooter,Activision,0.78,0.79,0.05,0.31,1.94,86,81,6,1083,T
FIFA Soccer 09,X360,2008,Sports,Electronic Arts,0.49,1.26,0.01,0.18,1.94,87,51,8,106,E
Dragon Ball Z: Budokai 3,PS2,2004,Fighting,Atari,1.09,0.15,0.65,0.04,1.94,77,32,8.9,140,T
LittleBigPlanet 3,PS4,2014,Platform,Sony Computer Entertainment,0.68,0.93,0.01,0.31,1.94,79,78,7.1,507,E
Call of Duty: World at War,Wii,2008,Shooter,Activision,1.17,0.58,0,0.18,1.94,83,19,7.6,78,M
Jet Moto 2,PS,1997,Racing,Sony Computer Entertainment,1.41,0.42,0.03,0.07,1.94,,,,,
Tom Clancys Ghost Recon,PS2,2002,Shooter,Ubisoft,1.42,0.4,0,0.12,1.94,63,18,8.3,22,M
BioShock Infinite,X360,2013,Shooter,Take-Two Interactive,1.22,0.54,0.02,0.16,1.93,93,33,8.5,1652,M
X-Men Legends,PS2,2004,Role-Playing,Activision,1,0.72,0,0.21,1.93,79,48,8.5,69,T
Destiny,X360,2014,Shooter,Activision,1.32,0.43,0,0.19,1.93,,,4.7,504,T
Forza Motorsport 6,XOne,2015,Racing,Microsoft Game Studios,0.84,0.91,0.03,0.16,1.93,87,85,7.9,865,E
Mortal Kombat II,SNES,1993,Fighting,Acclaim Entertainment,1.48,0.39,0,0.06,1.93,,,,,
Virtua Fighter 2,SAT,1995,Fighting,Sega,0.34,0.26,1.3,0.03,1.93,,,,,
Tetris DX,G,1998,Puzzle,Nintendo,1.06,0.6,0.2,0.07,1.93,,,,,
The Legend of Zelda: Oracle of Ages,G,2001,Action,Nintendo,0.92,0.53,0.41,0.06,1.92,,,,,
Red Faction,PS2,2001,Shooter,THQ,0.76,0.96,0,0.2,1.92,88,25,8,70,M
The Sims: Makin Magic,PC,2003,Simulation,Electronic Arts,1.03,0.8,0,0.09,1.92,80,22,8.6,31,T
MX Unleashed,PS2,2004,Racing,THQ,0.94,0.73,0,0.25,1.92,80,18,9.2,46,E
PaRappa The Rapper,PS,1996,Misc,Sony Computer Entertainment,0.26,0.16,1.46,0.03,1.92,92,15,7.4,48,K-A
Guitar Hero: World Tour,PS3,2008,Misc,Activision,1.1,0.55,0,0.27,1.92,84,43,7.5,80,T
The Elder Scrolls V: Skyrim,PS4,2016,Role-Playing,Bethesda Softworks,0.74,0.82,0.05,0.31,1.92,,,,,
Diablo III,PS3,2013,Role-Playing,Activision,0.72,0.75,0.16,0.29,1.91,86,43,6.4,557,M
Donkey Kong Country Returns,3DS,2013,Platform,Nintendo,0.75,0.62,0.41,0.13,1.91,,,,,
Need for Speed: Shift,X360,2009,Racing,Electronic Arts,0.73,0.96,0.01,0.22,1.91,83,75,6.5,134,E
Mario Party 3,N64,2000,Misc,Nintendo,0.72,0.16,1.01,0.02,1.91,,,,,
Star Wars Rogue Leader: Rogue Squadron II,GC,2001,Simulation,LucasArts,1.03,0.75,0.03,0.09,1.9,90,45,8.6,80,T
Just Cause 3,PS4,2015,Action,Square Enix,0.5,1.03,0.08,0.29,1.9,73,42,6.5,413,M
Diablo III,PS4,2014,Role-Playing,Activision,0.54,1,0.07,0.29,1.9,,,,,M
Tomb Raider (2013),X360,2013,Action,Square Enix,0.86,0.84,0.01,0.17,1.89,,,,,
Mario Super Sluggers,Wii,2008,Sports,Nintendo,1.48,0,0.29,0.12,1.89,69,31,7.7,59,E
Monopoly,Wii,2008,Misc,Electronic Arts,0.86,0.83,0,0.2,1.89,70,11,7.8,17,E
Madden NFL 09,PS3,2008,Sports,Electronic Arts,1.56,0.14,0,0.18,1.88,85,38,4.4,132,E
Batman: Arkham Origins,X360,2013,Action,Warner Bros. Interactive Entertainment,1.15,0.56,0,0.17,1.88,74,46,7.5,686,T
Game Party 2,Wii,2008,Misc,Midway Games,1.28,0.43,0,0.17,1.88,29,7,4.6,7,E
Yu-Gi-Oh! Forbidden Memories,PS,1999,Role-Playing,Konami Digital Entertainment,1.37,0.44,0,0.08,1.88,,,,,
Mortal Kombat: Deception,PS2,2004,Fighting,Midway Games,0.92,0.72,0,0.24,1.88,81,43,8.5,90,M
Hot Shots Golf 2,PS,1999,Sports,Sony Computer Entertainment,0.25,0.12,1.48,0.03,1.88,,,,,
Medal of Honor: European Assault (All Region sales),PS2,2005,Shooter,Electronic Arts,0.89,0.69,0.09,0.21,1.88,,,,,
Toy Story Mania!,Wii,2009,Misc,Disney Interactive Studios,1.04,0.66,0,0.18,1.88,49,15,6.6,13,E
WCW Nitro,PS,1998,Fighting,THQ,1.42,0.36,0.03,0.07,1.88,,,,,
Ratchet & Clank Future: A Crack in Time,PS3,2009,Platform,Sony Computer Entertainment,1.05,0.54,0.03,0.26,1.88,,,,,
High School Musical: Sing It!,PS2,2007,Misc,Disney Interactive Studios,0.47,0.08,0,1.33,1.87,,,,,
Star Fox Adventures,GC,2002,Adventure,Nintendo,0.96,0.53,0.3,0.09,1.87,82,39,7.7,148,T
Madden NFL 25,PS3,2013,Sports,Electronic Arts,1.6,0.03,0,0.24,1.87,76,19,4.1,91,E
FIFA 2000,PS,1998,Sports,Electronic Arts,0.22,1.47,0.04,0.14,1.87,,,,,
Dynasty Warriors 3,PS2,2001,Action,THQ,0.53,0.16,1.07,0.1,1.87,78,17,9.1,90,T
LEGO Marvel Super Heroes,PS3,2013,Action,Warner Bros. Interactive Entertainment,0.77,0.79,0.01,0.3,1.87,82,22,7.8,77,E10+
The Legend of Zelda: The Wind Waker,WiiU,2013,Action,Nintendo,0.96,0.62,0.14,0.15,1.87,,,,,
The Legend of Zelda: Oracle of Seasons,G,2001,Adventure,Nintendo,0.87,0.52,0.41,0.06,1.86,,,,,
Madden NFL 06,X,2005,Sports,Electronic Arts,1.75,0.03,0,0.08,1.86,86,39,6.7,41,E
Shrek 2,PS2,2004,Platform,Activision,1.12,0.69,0.03,0.02,1.86,71,32,8.5,27,E
The Legend of Dragoon,PS,1999,Role-Playing,Sony Computer Entertainment,0.94,0.44,0.39,0.1,1.86,74,12,8.4,253,T
Turok 2: Seeds of Evil,N64,1997,Platform,Acclaim Entertainment,1.37,0.41,0.04,0.04,1.86,,,,,
SingStar,PS2,2004,Misc,Sony Computer Entertainment,0,1.37,0,0.49,1.86,,,,,
Star Wars: The Force Unleashed,Wii,2008,Action,LucasArts,1.11,0.56,0,0.18,1.86,71,18,7.9,75,T
NBA Live 2002,PS2,2001,Sports,Electronic Arts,0.91,0.71,0,0.24,1.86,70,16,7.4,8,E
Chrono Cross,PS,1999,Role-Playing,SquareSoft,0.62,0.42,0.69,0.12,1.86,94,16,8.1,298,T
Jak 3,PS2,2004,Platform,Sony Computer Entertainment,1.33,0.49,0,0.03,1.85,84,55,8.6,249,T
Kingdom Hearts: Chain of Memories,GBA,2004,Role-Playing,Square Enix,1.26,0.18,0.35,0.06,1.85,76,37,7.9,86,E
Pinball,NES,1984,Action,Nintendo,0.8,0.19,0.83,0.03,1.85,,,,,
Max Payne 3,PS3,2012,Shooter,Take-Two Interactive,0.59,0.89,0.06,0.3,1.85,87,31,7.8,792,M
Phineas and Fer,DS,2009,Action,Disney Interactive Studios,1.33,0.37,0,0.15,1.84,80,4,4.5,8,E
Gran Turismo Concept 2001 Tokyo,PS2,2001,Racing,Sony Computer Entertainment,0,1.1,0.42,0.33,1.84,,,,,
NCAA Football 06,PS2,2005,Sports,Electronic Arts,1.53,0.05,0,0.25,1.84,87,25,8.5,36,E
Kirby: Triple Deluxe,3DS,2014,Platform,Nintendo,0.61,0.34,0.79,0.09,1.84,80,68,8.9,207,E
Ratchet & Clank (2016),PS4,2016,Platform,Sony Computer Entertainment,0.64,0.85,0.05,0.29,1.84,,,,,
"Hey You, Pikachu!",N64,1998,Simulation,Nintendo,0.83,0.06,0.93,0,1.83,,,,,
Sonic Classic Collection,DS,2010,Platform,Sega,0.93,0.73,0,0.17,1.83,70,24,7.5,28,E
Rayman Raving Rabbids 2,Wii,2007,Misc,Ubisoft,0.82,0.82,0,0.2,1.83,67,25,8.3,66,E10+
2 Games in 1: Sonic Advance & ChuChu Rocket!,GBA,2005,Misc,THQ,1.31,0.49,0,0.03,1.83,,,,,
Jet Moto,PS,1996,Racing,Sony Computer Entertainment,1.33,0.4,0.03,0.07,1.83,,,,,
GoldenEye 007 (2010),Wii,2010,Action,Activision,0.84,0.71,0.13,0.16,1.83,,,,,
Secret of Mana,SNES,1993,Role-Playing,SquareSoft,0.25,0.07,1.49,0.02,1.83,,,,,
Air Combat,PS,1995,Simulation,Sony Computer Entertainment,0.92,0.33,0.52,0.05,1.83,,,,,
inFAMOUS 2,PS3,2011,Action,Sony Computer Entertainment,1.05,0.47,0.08,0.22,1.82,83,90,8.4,935,T
World of Warcraft: Mists of Pandaria,PC,2012,Role-Playing,Activision,0.84,0.76,0,0.22,1.82,82,42,4.8,1270,T
Sonic & Knuckles,GEN,1994,Platform,Sega,1.24,0.43,0.03,0.12,1.82,,,,,
Namco Museum,PS2,2001,Misc,Namco Bandai Games,1.73,0.07,0,0.02,1.82,72,9,6,5,E
Professor Layton and the Mask of Miracle,3DS,2011,Puzzle,Nintendo,0.32,1,0.36,0.13,1.82,,,,,
The Sims: Hot Date,PC,2001,Simulation,Electronic Arts,1.81,0,0,0,1.82,85,17,7.8,71,T
Demons Souls,PS3,2009,Role-Playing,Namco Bandai Games,0.97,0.33,0.35,0.17,1.82,89,81,8.9,1451,M
The Orange Box,X360,2007,Shooter,Electronic Arts,1.09,0.53,0.02,0.17,1.82,96,54,8.9,800,M
DDRMAX2: Dance Dance Revolution,PS2,2003,Simulation,Konami Digital Entertainment,1.05,0.59,0,0.18,1.81,82,27,8.2,11,E
Crazy Taxi,DC,2000,Racing,Sega,1.1,0.51,0.12,0.08,1.81,,,,,
Virtua Fighter 4,PS2,2002,Fighting,Sega,0.78,0.44,0.56,0.04,1.81,94,36,8,84,T
Sly 2: Band of Thieves,PS2,2004,Platform,Sony Computer Entertainment,0.88,0.69,0,0.23,1.81,88,64,9,179,E
Guitar Hero: World Tour,PS2,2008,Misc,Activision,1,0.03,0,0.77,1.8,,,8,13,T
The Evil Within,PS4,2014,Action,Bethesda Softworks,0.56,0.86,0.11,0.27,1.8,75,65,7.3,1228,M
NBA 2K11,PS3,2010,Action,Take-Two Interactive,1.41,0.2,0.03,0.16,1.8,89,46,7.6,107,E
Sonic Advance 2,GBA,2002,Platform,Sega,0.93,0.59,0.21,0.07,1.8,83,23,8.3,46,E
Madden NFL 07,X360,2006,Sports,Electronic Arts,1.66,0,0.01,0.13,1.8,80,54,6,148,E
NFL GameDay 2000,PS,1999,Sports,989 Studios,1,0.68,0,0.12,1.8,,,,,
Metroid Prime 3: Corruption,Wii,2007,Shooter,Nintendo,0.89,0.74,0.07,0.09,1.79,90,62,8.9,492,T
Disney's The Lion King,SNES,1994,Platform,Virgin Interactive,1.26,0.39,0.08,0.06,1.79,,,,,
The Elder Scrolls Online,PS4,2015,Role-Playing,Bethesda Softworks,0.7,0.8,0,0.29,1.79,,,,,
Midnight Club II,PS2,2003,Racing,Take-Two Interactive,1.25,0.29,0,0.24,1.78,85,41,8.5,48,T
SpongeBob SquarePants: SuperSponge,PS,2001,Action,THQ,1.12,0.58,0,0.08,1.78,,,,,
The Getaway: Black Monday,PS2,2004,Action,Sony Computer Entertainment,0.39,1.01,0.02,0.36,1.78,57,53,7.6,48,M
Madden NFL 17,XOne,2016,Sports,Electronic Arts,1.57,0.02,0,0.19,1.78,83,30,5.7,43,E
50 Cent: Bulletproof,PS2,2005,Action,Vivendi Games,0.85,0.76,0,0.16,1.77,47,21,6.6,129,M
Kirby 64: The Crystal Shards,N64,2000,Platform,Nintendo,0.63,0.06,1.03,0.04,1.77,,,,,
Final Fantasy II,SNES,1991,Role-Playing,Square,0.24,0.09,1.33,0.12,1.77,,,,,
Dead or Alive 3,X,2001,Fighting,Microsoft Game Studios,1.19,0.29,0.24,0.06,1.77,87,35,8.6,44,T
LEGO Star Wars III: The Clone Wars,Wii,2011,Action,LucasArts,1.01,0.61,0,0.15,1.77,76,7,7.7,10,E10+
Wii Party U,WiiU,2013,Misc,Nintendo,0.3,0.58,0.84,0.05,1.77,65,38,6.8,135,E
Dragon Quest Monsters: Joker,DS,2006,Role-Playing,Square Enix,0.23,0.02,1.49,0.02,1.76,75,30,7.4,27,E10+
High School Musical: Sing It!,Wii,2007,Misc,Disney Interactive Studios,1.15,0.45,0,0.16,1.76,,,,,
Metroid II: Return of Samus,G,1991,Adventure,Nintendo,0.85,0.31,0.56,0.04,1.76,,,,,
WWF Attitude,PS,1998,Fighting,Acclaim Entertainment,1.27,0.42,0,0.07,1.76,,,,,
UFC 2009 Undisputed,PS3,2009,Fighting,THQ,1.07,0.44,0.01,0.24,1.76,84,58,8.1,47,T
Call of Duty: Black Ops 3,X360,2015,Shooter,Activision,1.17,0.43,0,0.17,1.76,,,,,
The SpongeBob SquarePants Movie,PS2,2004,Platform,THQ,1.06,0.54,0,0.16,1.76,75,5,8.9,56,E
Golden Sun,GBA,2001,Role-Playing,Nintendo,0.93,0.38,0.4,0.06,1.76,91,29,9.3,198,E
Kid Icarus,NES,1986,Platform,Nintendo,0.53,0.12,1.09,0.02,1.76,,,,,
Sonic the Hedgehog 3,GEN,1994,Platform,Sega,1.02,0.47,0.2,0.07,1.76,,,,,
Def Jam: Fight for NY,PS2,2004,Fighting,Electronic Arts,0.86,0.67,0,0.22,1.76,83,46,8.9,75,M
Tom Clancys Ghost Recon,X,2002,Shooter,Ubisoft,1.23,0.46,0,0.07,1.76,84,29,6,28,M
State of Emergency,PS2,2002,Action,Take-Two Interactive,0.86,0.67,0,0.22,1.76,71,34,5.7,33,M
2 Games in 1 Double Pack: The Incredibles / Finding Nemo: The Continuing Adventures,GBA,2007,Action,THQ,1.26,0.47,0,0.03,1.76,,,,,
Fire Emblem Fates,3DS,2015,Role-Playing,Nintendo,0.86,0.25,0.53,0.12,1.76,,,,,
The Urbz: Sims in the City,PS2,2004,Simulation,Electronic Arts,0.52,0.95,0,0.29,1.76,70,25,8.2,24,T
Star Wars: Starfighter,PS2,2001,Simulation,Activision,0.61,0.87,0.02,0.26,1.76,84,25,8,21,T
Madden NFL 2000,PS,1998,Sports,Electronic Arts,1.68,0.04,0,0.04,1.75,,,,,
Star Wars: Battlefront,X,2004,Shooter,Activision,1.24,0.45,0,0.07,1.75,80,55,9.1,57,T
Pro Evolution Soccer,PS2,2001,Sports,Konami Digital Entertainment,0.06,0.9,0.53,0.27,1.75,,,,,
Just Cause 2,PS3,2010,Action,Square Enix,0.45,0.92,0.06,0.32,1.75,83,66,8,293,M
The Crew,PS4,2014,Racing,Ubisoft,0.37,1.08,0.03,0.27,1.75,61,60,5.4,576,T
Kingdom Hearts,PS3,2013,Role-Playing,Square Enix,0.91,0.35,0.25,0.25,1.75,,,,,
Watch Dogs,PS3,2014,Action,Ubisoft,0.56,0.82,0.1,0.27,1.75,,,5.1,384,M
Yoshi,NES,1991,Puzzle,Nintendo,0.7,0.13,0.91,0.01,1.75,,,,,
Kirbys Adventure,NES,1993,Platform,Nintendo,0.79,0.14,0.8,0.02,1.75,,,,,
Disney's Aladdin,SNES,1993,Platform,Capcom,0.94,0.34,0.21,0.27,1.75,,,,,
FIFA Soccer 08,PS3,2007,Sports,Electronic Arts,0.35,1.06,0.02,0.31,1.75,81,28,7.1,47,E
Crackdown,X360,2007,Shooter,Microsoft Game Studios,1,0.53,0.03,0.18,1.75,83,75,8,340,M
Dance Dance Revolution X,PS2,2008,Simulation,Konami Digital Entertainment,0.85,0.66,0.01,0.22,1.75,55,6,6.2,6,E10+
No Mans Sky,PS4,2016,Action,Hello Games,0.66,0.77,0.03,0.28,1.75,71,94,4.5,5146,T
The Order: 1886,PS4,2015,Shooter,Sony Computer Entertainment,0.62,0.78,0.07,0.27,1.75,63,94,6.6,3191,M
2 Games in 1: Disney Princess & The Lion King,GBA,2004,Misc,THQ,1.25,0.46,0,0.03,1.75,,,,,
Dark Souls III,PS4,2016,Role-Playing,Namco Bandai Games,0.69,0.47,0.34,0.24,1.74,89,69,8.7,1979,M
Star Wars Episode I: The Phantom Menace,PS,1999,Adventure,LucasArts,0.72,0.89,0.04,0.1,1.74,,,,,
Xenosaga Episode I: Der Wille zur Macht,PS2,2002,Role-Playing,Namco Bandai Games,0.63,0.49,0.45,0.17,1.74,83,35,8.7,99,T
Kinect Star Wars,X360,2012,Action,Microsoft Game Studios,1.05,0.52,0.03,0.14,1.74,55,61,3.4,144,T
Dragons Dogma,PS3,2012,Role-Playing,Capcom,0.41,0.44,0.72,0.17,1.74,78,38,8.3,445,M
Dragon Quest VI: Realms of Revelation,DS,2010,Role-Playing,Nintendo,0.2,0.15,1.35,0.03,1.74,78,41,8.2,32,T
Knack,PS4,2013,Platform,Sony Computer Entertainment Europe,0.44,0.68,0.42,0.2,1.74,54,83,6.5,1079,E10+
Cruisn USA,N64,1996,Racing,Nintendo,1.69,0.04,0,0.01,1.74,,,,,
Madden NFL 99,PS,1998,Sports,Electronic Arts,1.66,0.04,0,0.04,1.74,,,,,
SSX Tricky,PS2,2001,Sports,Electronic Arts,0.85,0.66,0,0.22,1.73,92,33,8.9,71,E
Call of Duty: Black Ops 3,PS3,2015,Shooter,Activision,0.5,0.9,0.07,0.27,1.73,,,,,
Twisted Metal III,PS,1998,Action,989 Studios,1.48,0.2,0,0.05,1.73,,,,,
Harry Potter and the Sorcerers Stone,G,2001,Action,Electronic Arts,0.94,0.62,0.1,0.07,1.73,,,,,
NBA 2K15,XOne,2014,Sports,Take-Two Interactive,1.38,0.18,0,0.18,1.73,82,9,6.3,101,E
Crash Bandicoot: The Huge Adventure,GBA,2002,Platform,Universal Interactive,0.95,0.7,0,0.08,1.73,78,18,7.9,29,E
Hitman: Absolution,X360,2012,Action,Square Enix,0.68,0.88,0.01,0.17,1.73,79,51,7.1,456,M
Rockstar Games Double Pack: Grand Theft Auto III & Grand Theft Auto Vice City,PS2,2003,Action,Take-Two Interactive,0.85,0.66,0,0.22,1.72,,,,,
Call of Duty: World at War Final Fronts,PS2,2008,Shooter,Activision,0.61,0.18,0,0.94,1.72,,,,,
Madden NFL 2005,X,2004,Sports,Electronic Arts,1.61,0.03,0,0.08,1.72,91,39,7.6,26,E
Star Ocean: Till The End of Time,PS2,2003,Role-Playing,Ubisoft,0.8,0.21,0.55,0.15,1.72,80,55,7.7,135,T
Call of Duty: Modern Warfare 3,PC,2011,Shooter,Activision,0.41,0.98,0,0.32,1.72,78,26,2.5,5670,M
Dishonored,X360,2012,Action,Bethesda Softworks,1.06,0.5,0.01,0.14,1.71,88,56,7.9,820,M
Toy Story 2: Buzz Lightyear to the Rescue!,PS,1998,Platform,Activision,0.99,0.64,0,0.08,1.71,,,,,
The Beatles: Rock Band,Wii,2009,Misc,MTV Games,1.17,0.39,0,0.15,1.71,89,25,8.9,43,T
Ace Combat 5: The Unsung War,PS2,2004,Simulation,Sony Computer Entertainment Europe,0.88,0.34,0.32,0.18,1.71,84,57,9.1,81,T
Need for Speed Underground,X,2003,Racing,Electronic Arts,1.09,0.55,0,0.07,1.71,83,25,8.7,35,E
Kanshuu Nippon Joushikiryoku Kentei Kyoukai: Imasara Hito ni wa Kikenai Otona no Joushikiryoku Training DS,DS,2006,Misc,Nintendo,0,0,1.71,0,1.71,,,,,
Tetris Worlds,GBA,2001,Puzzle,THQ,1.25,0.39,0,0.06,1.71,65,10,,,E
Imagine: Teacher,DS,2008,Simulation,Ubisoft,0.7,0.82,0,0.19,1.71,,,,,E
Deal or No Deal,DS,2007,Misc,Mindscape,1.15,0.4,0,0.15,1.71,20,13,1.9,41,E
Until Dawn,PS4,2015,Adventure,Sony Computer Entertainment Europe,0.48,0.91,0.05,0.26,1.71,79,103,8.2,2197,M
FIFA Soccer 10,PS2,2009,Sports,Electronic Arts,0.23,0.24,0,1.23,1.7,,,8.4,9,E
Portal 2,PS3,2011,Shooter,Valve,0.83,0.6,0.02,0.24,1.7,95,54,8.4,943,E10+
Super Puyo Puyo,SNES,1993,Puzzle,Banpresto,0,0,1.69,0.01,1.7,,,,,
BioShock Infinite,PS3,2013,Shooter,Take-Two Interactive,0.72,0.65,0.04,0.28,1.7,94,27,8.5,1868,M
NCAA Football 07,PS2,2006,Sports,Electronic Arts,1.41,0.05,0,0.23,1.7,87,18,8.6,23,E
The Sims 3: Late Night Expansion Pack,PC,2010,Simulation,Electronic Arts,0.59,0.87,0,0.23,1.7,74,17,5.3,78,T
Ben 10: Protector of Earth,DS,2007,Action,D3Publisher,0.68,0.82,0,0.19,1.7,,,6.4,7,E
Cabelas Big Game Hunter 2010,Wii,2009,Sports,Activision Value,1.58,0,0,0.12,1.69,,,7.8,4,T
SOCOM 3: U.S. Navy SEALs,PS2,2005,Shooter,Sony Computer Entertainment,1.22,0.34,0.04,0.1,1.69,82,59,8.8,66,M
Sonic Colors,Wii,2010,Platform,Sega,0.93,0.6,0.01,0.15,1.69,78,58,8.5,303,E
Jampack Winter 99,PS,1999,Misc,Sony Computer Entertainment,0.94,0.64,0,0.11,1.69,,,,,
WCW vs. nWo: World Tour,N64,1997,Fighting,THQ,1.37,0.28,0.03,0.02,1.69,,,,,
Game Party 3,Wii,2009,Puzzle,Warner Bros. Interactive Entertainment,1.41,0.16,0,0.12,1.69,37,4,,,E
Brian Lara 2007 Pressure Play,PSP,2007,Sports,Codemasters,0,0,0,0,0.01,,,,,
